ZIP,CITY,STATEID,1st Most Common Venue,2nd Most Common Venue,3rd Most Common Venue,4th Most Common Venue,5th Most Common Venue,6th Most Common Venue,7th Most Common Venue,8th Most Common Venue,9th Most Common Venue,10th Most Common Venue,CLUSTER
24701,Bluefield,WV,Italian Restaurant,Antique Shop,Assisted Living,Restaurant,New American Restaurant,Pet Service,Church,Fast Food Restaurant,Elementary School,Dive Bar,7
24740,Princeton,WV,Post Office,Courthouse,Fast Food Restaurant,Middle School,Big Box Store,Lawyer,Coffee Shop,Office,Pharmacy,Costume Shop,6
24747,Rock,WV,Miscellaneous Shop,Grocery Store,Gas Station,Restaurant,Automotive Shop,Supermarket,Breakfast Spot,Discount Store,Campground,Fast Food Restaurant,3
24801,Welch,WV,Post Office,Courthouse,Movie Theater,Financial or Legal Service,Library,Bank,Park,City Hall,Pharmacy,Costume Shop,6
24870,Oceana,WV,Church,Mobile Phone Shop,Convenience Store,Cemetery,Pharmacy,Doctor\\'s Office,Sculpture Garden,Driving School,Discount Store,Distillery,7
24874,Pineville,WV,Discount Store,Church,Courthouse,Campground,Fast Food Restaurant,Convention Center,Distillery,Dive Bar,Doctor\\'s Office,Donut Shop,7
24901,Lewisburg,WV,Post Office,Pub,Coffee Shop,Boutique,Building,Gourmet Shop,City Hall,Plaza,Event Space,Diner,0
24910,Alderson,WV,Gas Station,History Museum,Train Station,Event Space,Discount Store,Church,Convention Center,Diner,Distillery,Distribution Center,3
24954,Marlinton,WV,Office,Grocery Store,Auto Dealership,Bed & Breakfast,Music Venue,Diner,Historic Site,Hardware Store,Café,Eye Doctor,0
24963,Peterstown,WV,Post Office,Food Truck,Gas Station,Discount Store,Dentist\\'s Office,Casino,Diner,Building,Emergency Room,Elementary School,3
24970,Ronceverte,WV,Gas Station,Hardware Store,Post Office,Pharmacy,Supermarket,Bank,Thrift / Vintage Store,Convenience Store,Donut Shop,Diner,3
24986,White Sulphur Springs,WV,Gas Station,Automotive Shop,Bed & Breakfast,Liquor Store,Pizza Place,Convention Center,Building,Coworking Space,Electronics Store,Distribution Center,3
25003,Alum Creek,WV,Post Office,Golf Course,Church,Dentist\\'s Office,Restaurant,Bakery,Gas Station,Hotel,Convenience Store,Convention Center,7
25015,Belle,WV,Post Office,Town Hall,Fast Food Restaurant,Elementary School,Fire Station,Supermarket,Factory,Gas Station,Office,Costume Shop,3
25045,Clendenin,WV,Financial or Legal Service,Church,Gas Station,Diner,Bar,Discount Store,Pharmacy,Donut Shop,Dessert Shop,Distillery,7
25053,Danville,WV,Gas Station,Comfort Food Restaurant,Fried Chicken Joint,Financial or Legal Service,Bank,Pharmacy,Outdoors & Recreation,Doctor\\'s Office,Diner,Discount Store,3
25064,Dunbar,WV,Post Office,Automotive Shop,Convenience Store,Sandwich Place,Mexican Restaurant,Bank,Fast Food Restaurant,Hotel,Gymnastics Gym,Donut Shop,0
25071,Elkview,WV,Fast Food Restaurant,Salon / Barbershop,Middle School,Cemetery,Financial or Legal Service,Dentist\\'s Office,Bank,Supermarket,Yoga Studio,Donut Shop,0
25123,Leon,WV,River,Farm,Hardware Store,General Entertainment,Vegetarian / Vegan Restaurant,Park,Doctor\\'s Office,Dessert Shop,Diner,Discount Store,0
25130,Madison,WV,High School,Courthouse,Fire Station,Bar,Doctor\\'s Office,Veterinarian,School,Event Service,Eye Doctor,Diner,6
25143,Nitro,WV,Gas Station,Convenience Store,Other Nightlife,Restaurant,Tattoo Parlor,Automotive Shop,Chiropractor,Yoga Studio,Dive Bar,Diner,3
25159,Poca,WV,Automotive Shop,Gas Station,Church,Discount Store,Pizza Place,Building,Bank,Driving School,Distillery,Distribution Center,7
25177,Saint Albans,WV,Bar,Church,Music Store,Café,Pharmacy,Music Venue,Medical Center,Distillery,Distribution Center,Dive Bar,7
25213,Winfield,WV,Police Station,Courthouse,Fast Food Restaurant,Breakfast Spot,Church,Discount Store,Stadium,Eye Doctor,Driving School,Factory,6
25248,Kenna,WV,Fast Food Restaurant,Post Office,Truck Stop,Elementary School,Financial or Legal Service,Office,Automotive Shop,Gas Station,Racetrack,Convention Center,3
25271,Ripley,WV,Mobile Phone Shop,Government Building,Financial or Legal Service,Tattoo Parlor,Bank,Restaurant,Courthouse,Post Office,Cosmetics Shop,Discount Store,6
25276,Spencer,WV,Office,City Hall,Movie Theater,Mexican Restaurant,Bank,Courthouse,Government Building,Donut Shop,Diner,Discount Store,6
25302,Charleston,WV,Post Office,General Entertainment,Conference Room,Pizza Place,Bookstore,Building,Boutique,Government Building,Bank,Park,0
25303,South Charleston,WV,Auto Dealership,Doctor\\'s Office,Rental Car Location,Breakfast Spot,Automotive Shop,Music Store,Distillery,Distribution Center,Dive Bar,Donut Shop,0
25304,Charleston,WV,Post Office,General Entertainment,Conference Room,Pizza Place,Bookstore,Building,Boutique,Government Building,Bank,Park,0
25306,Charleston,WV,Post Office,General Entertainment,Conference Room,Pizza Place,Bookstore,Building,Boutique,Government Building,Bank,Park,0
25309,South Charleston,WV,Auto Dealership,Doctor\\'s Office,Rental Car Location,Breakfast Spot,Automotive Shop,Music Store,Distillery,Distribution Center,Dive Bar,Donut Shop,0
25311,Charleston,WV,Post Office,General Entertainment,Conference Room,Pizza Place,Bookstore,Building,Boutique,Government Building,Bank,Park,0
25312,Charleston,WV,Post Office,General Entertainment,Conference Room,Pizza Place,Bookstore,Building,Boutique,Government Building,Bank,Park,0
25313,Charleston,WV,Post Office,General Entertainment,Conference Room,Pizza Place,Bookstore,Building,Boutique,Government Building,Bank,Park,0
25314,Charleston,WV,Post Office,General Entertainment,Conference Room,Pizza Place,Bookstore,Building,Boutique,Government Building,Bank,Park,0
25315,Charleston,WV,Post Office,General Entertainment,Conference Room,Pizza Place,Bookstore,Building,Boutique,Government Building,Bank,Park,0
25320,Charleston,WV,Post Office,General Entertainment,Conference Room,Pizza Place,Bookstore,Building,Boutique,Government Building,Bank,Park,0
25504,Barboursville,WV,Building,Post Office,College Library,Financial or Legal Service,Doctor\\'s Office,Office,Restaurant,Salon / Barbershop,Arts & Crafts Store,Convention Center,0
25506,Branchland,WV,Fast Food Restaurant,Insurance Office,Moving Target,Building,Discount Store,Gas Station,Factory,Hardware Store,High School,Electronics Store,3
25508,Chapmanville,WV,Fast Food Restaurant,Ice Cream Shop,Food & Drink Shop,Residential Building (Apartment / Condo),Drugstore,Assisted Living,Garden Center,Physical Therapist,Hotel,Event Service,0
25510,Culloden,WV,Pool,Building,Cemetery,Car Wash,Elementary School,Campground,Grocery Store,Pizza Place,Discount Store,Event Service,0
25514,Fort Gay,WV,Gas Station,Post Office,Medical Lab,Bank,Automotive Shop,Insurance Office,Library,Emergency Room,Elementary School,Factory,3
25523,Hamlin,WV,Gas Station,Financial or Legal Service,Government Building,Church,Courthouse,Insurance Office,Sandwich Place,Convenience Store,Emergency Room,Doctor\\'s Office,6
25524,Harts,WV,Discount Store,Assisted Living,Gas Station,Lake,Tanning Salon,Taco Place,Comfort Food Restaurant,Middle School,Donut Shop,Factory,3
25526,Hurricane,WV,Automotive Shop,Post Office,Comfort Food Restaurant,Pharmacy,Coffee Shop,Salon / Barbershop,Church,Bakery,Miscellaneous Shop,Gun Shop,7
25530,Kenova,WV,Diner,Post Office,Grocery Store,Building,Medical Supply Store,Office,City Hall,Factory,Discount Store,Distribution Center,0
25535,Lavalette,WV,Gas Station,Automotive Shop,Elementary School,Nail Salon,Discount Store,Salon / Barbershop,Other Great Outdoors,Bar,Post Office,Country Dance Club,3
25541,Milton,WV,Sandwich Place,Chinese Restaurant,Hardware Store,Pizza Place,Fast Food Restaurant,Gas Station,Pharmacy,Bank,Yoga Studio,Dive Bar,3
25545,Ona,WV,Residential Building (Apartment / Condo),Post Office,Gas Station,Bar,Tattoo Parlor,Restaurant,Grocery Store,Medical School,Dessert Shop,Diner,3
25550,Point Pleasant,WV,Lawyer,Fast Food Restaurant,Sculpture Garden,Mexican Restaurant,Building,Courthouse,Movie Theater,Bakery,Automotive Shop,Electronics Store,6
25560,Scott Depot,WV,Post Office,Gas Station,Doctor\\'s Office,Supermarket,Big Box Store,Fast Food Restaurant,Hotel,Harbor / Marina,Department Store,Dessert Shop,3
25570,Wayne,WV,Courthouse,Post Office,Pizza Place,Arts & Crafts Store,Bank,School,Donut Shop,Diner,Discount Store,Distillery,6
25601,Logan,WV,Post Office,Government Building,Mobile Phone Shop,Fast Food Restaurant,Building,Food,Doctor\\'s Office,Diner,Office,Radio Station,0
25661,Williamson,WV,Post Office,Hotel,Financial or Legal Service,Nightclub,Bed & Breakfast,Automotive Shop,Office,Convenience Store,Cosmetics Shop,Drugstore,0
25670,Delbarton,WV,Financial or Legal Service,Convenience Store,Lawyer,Mountain,Veterinarian,Middle School,Office,Pizza Place,Hardware Store,Donut Shop,0
25674,Kermit,WV,Bank,Gas Station,Financial or Legal Service,Bridge,Building,Discount Store,Pizza Place,Fast Food Restaurant,Driving School,Distillery,3
25701,Huntington,WV,Building,Courthouse,City Hall,Government Building,Gas Station,Eye Doctor,Event Space,Diner,Discount Store,Distillery,6
25702,Huntington,WV,Building,Courthouse,City Hall,Government Building,Gas Station,Eye Doctor,Event Space,Diner,Discount Store,Distillery,6
25703,Huntington,WV,Building,Courthouse,City Hall,Government Building,Gas Station,Eye Doctor,Event Space,Diner,Discount Store,Distillery,6
25704,Huntington,WV,Building,Courthouse,City Hall,Government Building,Gas Station,Eye Doctor,Event Space,Diner,Discount Store,Distillery,6
25705,Huntington,WV,Building,Courthouse,City Hall,Government Building,Gas Station,Eye Doctor,Event Space,Diner,Discount Store,Distillery,6
25801,Beckley,WV,Office,University,Restaurant,Bank,Toy / Game Store,Radio Station,Government Building,Courthouse,Sports Bar,Café,6
25813,Beaver,WV,Automotive Shop,Office,Smoke Shop,Restaurant,Rental Car Location,Car Wash,Medical Center,Drugstore,Driving School,Electronics Store,0
25832,Daniels,WV,Post Office,Financial or Legal Service,Bank,Automotive Shop,Church,Smoke Shop,Professional & Other Places,Emergency Room,Doctor\\'s Office,Diner,7
25840,Fayetteville,WV,Antique Shop,Courthouse,Breakfast Spot,Bike Shop,Theater,Beer Bar,City Hall,Arts & Crafts Store,Costume Shop,Construction & Landscaping,6
25880,Mount Hope,WV,Italian Restaurant,History Museum,Gas Station,Hardware Store,Non-Profit,Discount Store,Tourist Information Center,Elementary School,Athletics & Sports,National Park,3
25901,Oak Hill,WV,Gas Station,Sandwich Place,Church,Coffee Shop,Automotive Shop,Medical Center,City Hall,Elementary School,Electronics Store,Drugstore,3
25918,Shady Spring,WV,Discount Store,Car Wash,Miscellaneous Shop,Convenience Store,Gas Station,Middle School,Pharmacy,Distillery,Distribution Center,Dive Bar,3
25951,Hinton,WV,Café,Office,History Museum,City Hall,Movie Theater,Pharmacy,Gym,Shop & Service,Deli / Bodega,Doctor\\'s Office,0
25962,Rainelle,WV,Fast Food Restaurant,Flower Shop,Pool,Hardware Store,Pharmacy,Fire Station,Bakery,Driving School,Discount Store,Distillery,0
25976,Meadow Bridge,WV,Discount Store,High School,Hardware Store,Movie Theater,Bridge,Moving Target,Drugstore,Distillery,Distribution Center,Dive Bar,0
26033,Cameron,WV,Pool,Pharmacy,Flower Shop,Food,Discount Store,Salon / Barbershop,Bar,Bank,Gas Station,Convenience Store,3
26041,Moundsville,WV,Office,Insurance Office,Theater,Diner,Dentist\\'s Office,Bank,Church,Financial or Legal Service,Emergency Room,Distribution Center,7
26101,Parkersburg,WV,Gas Station,Theater,Church,Bar,Bank,Park,Furniture / Home Store,Bus Station,Convenience Store,Doctor\\'s Office,7
26104,Parkersburg,WV,Gas Station,Theater,Church,Bar,Bank,Park,Furniture / Home Store,Bus Station,Convenience Store,Doctor\\'s Office,7
26105,Vienna,WV,Funeral Home,Automotive Shop,Office,Pizza Place,Clothing Store,Discount Store,Financial or Legal Service,Government Building,Tanning Salon,Diner,0
26143,Elizabeth,WV,Gas Station,Courthouse,Office,Diner,Discount Store,Automotive Shop,Sandwich Place,Government Building,High School,Electronics Store,3
26150,Mineral Wells,WV,Hotel,City Hall,Factory,Business Service,Convenience Store,Transportation Service,Drugstore,Discount Store,Distillery,Distribution Center,0
26155,New Martinsville,WV,Hardware Store,Pizza Place,Ice Cream Shop,Bank,Insurance Office,Smoke Shop,Coworking Space,Car Wash,Yoga Studio,Drugstore,0
26159,Paden City,WV,Gas Station,Auto Dealership,Library,Salon / Barbershop,Office,Discount Store,Dentist\\'s Office,Bank,Church,Pizza Place,7
26164,Ravenswood,WV,Gas Station,Antique Shop,Automotive Shop,Pizza Place,Tattoo Parlor,Gym,Financial or Legal Service,Restaurant,Diner,Discount Store,3
26170,Saint Marys,WV,Post Office,Bank,Eye Doctor,Elementary School,Financial or Legal Service,New American Restaurant,City Hall,Optical Shop,Sandwich Place,Country Dance Club,0
26175,Sistersville,WV,Gas Station,Optical Shop,Italian Restaurant,Convenience Store,Hotel,Auto Dealership,Office,Dessert Shop,Diner,Discount Store,3
26181,Washington,WV,Gas Station,Ice Cream Shop,Building,Soccer Field,Border Crossing,Baseball Field,Post Office,Construction & Landscaping,Convenience Store,Convention Center,3
26187,Williamstown,WV,Gas Station,Post Office,High School,Building,Outdoor Supply Store,Elementary School,Park,Doctor\\'s Office,Diner,Discount Store,3
26201,Buckhannon,WV,Salon / Barbershop,Pharmacy,Office,Bistro,Lawyer,Gas Station,Courthouse,Brewery,Hotel,Fast Food Restaurant,6
26205,Craigsville,WV,Comfort Food Restaurant,Discount Store,Sandwich Place,Factory,Gas Station,Chinese Restaurant,Lake,Scenic Lookout,Pharmacy,Diner,3
26206,Cowen,WV,Gas Station,Comfort Food Restaurant,Pharmacy,Campground,Tech Startup,Discount Store,Sandwich Place,Convention Center,Cosmetics Shop,Distillery,3
26218,French Creek,WV,Rental Car Location,Discount Store,Fast Food Restaurant,Gym / Fitness Center,Elementary School,Park,Trail,Supermarket,Donut Shop,Diner,0
26288,Webster Springs,WV,Sandwich Place,Food,Diner,Discount Store,Hot Dog Joint,Hardware Store,Pharmacy,Medical Center,Courthouse,Distillery,0
26301,Clarksburg,WV,Government Building,Post Office,Building,Doctor\\'s Office,Monument / Landmark,Laundry Service,College Academic Building,Gas Station,Hot Dog Joint,Costume Shop,3
26330,Bridgeport,WV,Dentist\\'s Office,Church,Pool,Financial or Legal Service,Medical Lab,Medical Center,Salon / Barbershop,Office,Cosmetics Shop,Costume Shop,7
26351,Glenville,WV,Post Office,Courthouse,Tattoo Parlor,Coffee Shop,Bank,Bakery,BBQ Joint,Gas Station,Comfort Food Restaurant,Pizza Place,6
26362,Harrisville,WV,Financial or Legal Service,Gas Station,Miscellaneous Shop,Hardware Store,Bank,Courthouse,Office,Driving School,Discount Store,Distillery,6
26378,Jane Lew,WV,Gas Station,Park,Convenience Store,Café,Fire Station,Doctor\\'s Office,Church,Resort,Diner,Discount Store,7
26385,Lost Creek,WV,Library,Playground,Gas Station,Bar,State / Provincial Park,Cemetery,Fire Station,Elementary School,Donut Shop,Discount Store,3
26408,Mount Clare,WV,Irish Pub,Construction & Landscaping,Other Great Outdoors,Physical Therapist,Building,Fire Station,Gift Shop,Drugstore,Distillery,Distribution Center,0
26415,Pennsboro,WV,Hardware Store,Antique Shop,Pizza Place,Café,Financial or Legal Service,Discount Store,Government Building,Gas Station,Hotel,Convention Center,3
26416,Philippi,WV,Building,Courthouse,Tex-Mex Restaurant,Newsstand,Wine Bar,Asian Restaurant,Ice Cream Shop,Food,Electronics Store,Distribution Center,6
26426,Salem,WV,Gas Station,Post Office,Hardware Store,Convenience Store,Discount Store,Pharmacy,Office,College Administrative Building,Italian Restaurant,Doctor\\'s Office,3
26431,Shinnston,WV,Antique Shop,Automotive Shop,Pharmacy,Professional & Other Places,Church,Building,Bike Shop,Bank,Post Office,Assisted Living,7
26452,Weston,WV,Bank,Antique Shop,Pharmacy,Jewelry Store,Grocery Store,Museum,Office,Pizza Place,Post Office,Event Space,0
26456,West Union,WV,Gas Station,Salon / Barbershop,Government Building,Library,Discount Store,Restaurant,Food,Drugstore,Elementary School,Design Studio,3
26571,Farmington,WV,Discount Store,Gas Station,Diner,Dentist\\'s Office,Sandwich Place,Convenience Store,Convention Center,Funeral Home,Doctor\\'s Office,Donut Shop,3
26582,Mannington,WV,Historic Site,General Entertainment,Middle School,Smoke Shop,Food & Drink Shop,Laundromat,Bank,Gas Station,Pharmacy,Costume Shop,3
26601,Sutton,WV,Café,Hotel,Financial or Legal Service,Pharmacy,Movie Theater,Courthouse,Auto Dealership,Museum,Yoga Studio,Electronics Store,6
26651,Summersville,WV,Fast Food Restaurant,Courthouse,Sports Bar,Elementary School,Funeral Home,Diner,Bank,Automotive Shop,Salon / Barbershop,Country Dance Club,0
40006,Bedford,KY,Gas Station,Event Space,Non-Profit,Fire Station,Assisted Living,Cemetery,Sandwich Place,Government Building,Automotive Shop,Doctor\\'s Office,3
40008,Bloomfield,KY,Office,Automotive Shop,Bed & Breakfast,Convenience Store,Pizza Place,Pharmacy,General Entertainment,Diner,Discount Store,Distillery,0
40019,Eminence,KY,Pizza Place,Courthouse,Pharmacy,Discount Store,Church,Auto Dealership,Asian Restaurant,City Hall,Fast Food Restaurant,Event Space,7
40031,La Grange,KY,Gift Shop,Fast Food Restaurant,City Hall,Convention Center,Deli / Bodega,Coffee Shop,Courthouse,Toy / Game Store,Government Building,Yoga Studio,6
40045,Milton,KY,City Hall,Post Office,Radio Station,Fast Food Restaurant,Gas Station,Sandwich Place,Convenience Store,Design Studio,Diner,Discount Store,3
40057,Pleasureville,KY,Fast Food Restaurant,Auto Dealership,Discount Store,General Entertainment,College Academic Building,City Hall,Gas Station,High School,Emergency Room,Distribution Center,3
40065,Shelbyville,KY,Convenience Store,Pizza Place,Library,Fried Chicken Joint,Dentist\\'s Office,Bank,Brewery,Government Building,Bakery,Yoga Studio,0
40067,Simpsonville,KY,Salon / Barbershop,Post Office,BBQ Joint,Miscellaneous Shop,Gas Station,Coffee Shop,Factory,Construction & Landscaping,Cosmetics Shop,Drugstore,3
40069,Springfield,KY,Mobile Phone Shop,Gas Station,Business Service,Bed & Breakfast,Library,Farmers Market,Pizza Place,Convention Center,Electronics Store,Distribution Center,3
40311,Carlisle,KY,Discount Store,Campground,Library,Market,Food,College Classroom,Police Station,Concert Hall,Emergency Room,Event Service,0
40312,Clay City,KY,Radio Station,Church,Southern / Soul Food Restaurant,Discount Store,Gas Station,Convention Center,Bank,Park,Supermarket,Donut Shop,7
40313,Clearfield,KY,Automotive Shop,Miscellaneous Shop,Medical Center,School,Tech Startup,Bakery,Sandwich Place,Recruiting Agency,Salon / Barbershop,Driving School,0
40322,Frenchburg,KY,Discount Store,Courthouse,High School,Police Station,Sandwich Place,Gas Station,Cemetery,Intersection,College Administrative Building,Doctor\\'s Office,3
40324,Georgetown,KY,Café,Bank,Courthouse,Brewery,Church,Government Building,Yoga Studio,Electronics Store,Distribution Center,Dive Bar,6
40330,Harrodsburg,KY,Courthouse,Post Office,Food,Optical Shop,Bank,Tattoo Parlor,Doctor\\'s Office,Theater,Library,Driving School,6
40336,Irvine,KY,Bank,Courthouse,Mexican Restaurant,Music Venue,Grocery Store,Radio Station,Office,Farmers Market,History Museum,Event Service,6
40337,Jeffersonville,KY,Gas Station,Discount Store,Spiritual Center,Smoke Shop,Pizza Place,Diner,Distillery,Distribution Center,Dive Bar,Doctor\\'s Office,3
40342,Lawrenceburg,KY,Church,City Hall,Private School,Hotel,Building,Dentist\\'s Office,New American Restaurant,Coworking Space,Bakery,Donut Shop,7
40347,Midway,KY,Café,Post Office,Restaurant,Ice Cream Shop,City Hall,Italian Restaurant,Donut Shop,Diner,Discount Store,Distillery,0
40351,Morehead,KY,Coffee Shop,Salon / Barbershop,Pharmacy,Dentist\\'s Office,Bookstore,Bakery,Brewery,College Quad,College Science Building,Event Space,0
40353,Mount Sterling,KY,Courthouse,Government Building,Restaurant,Bank,Bakery,City Hall,Post Office,Pizza Place,Elementary School,Electronics Store,6
40356,Nicholasville,KY,Courthouse,Salon / Barbershop,Bank,Coffee Shop,Tapas Restaurant,Government Building,Church,Mexican Restaurant,Emergency Room,Eye Doctor,6
40359,Owenton,KY,Office,Bus Line,Insurance Office,Discount Store,Dentist\\'s Office,Courthouse,Sandwich Place,Cosmetics Shop,Costume Shop,Distillery,6
40360,Owingsville,KY,Government Building,Post Office,Courthouse,Fast Food Restaurant,Doctor\\'s Office,Church,Library,Lawyer,Gas Station,Country Dance Club,6
40361,Paris,KY,Post Office,Automotive Shop,Office,Church,Diner,Chinese Restaurant,Distillery,Library,Farmers Market,Gym,7
40370,Sadieville,KY,Post Office,Business Service,Fast Food Restaurant,Tech Startup,Other Great Outdoors,Truck Stop,Automotive Shop,Park,Donut Shop,Discount Store,0
40371,Salt Lick,KY,Gas Station,Sandwich Place,Fast Food Restaurant,Hotel,Fire Station,Campground,Cemetery,Dessert Shop,Donut Shop,Discount Store,3
40379,Stamping Ground,KY,Post Office,Housing Development,Church,Discount Store,General Entertainment,Bank,Grocery Store,High School,Event Service,Emergency Room,7
40380,Stanton,KY,Motel,Office,Hardware Store,Fast Food Restaurant,Discount Store,Gas Station,Pharmacy,Supermarket,Automotive Shop,Yoga Studio,3
40383,Versailles,KY,Courthouse,Salon / Barbershop,Carpet Store,Pizza Place,Cemetery,Pharmacy,Bar,Coffee Shop,Church,Discount Store,6
40385,Waco,KY,Gas Station,Miscellaneous Shop,Veterinarian,Church,Driving School,Diner,Discount Store,Distillery,Distribution Center,Dive Bar,7
40390,Wilmore,KY,College Library,General College & University,Spiritual Center,Café,College Administrative Building,University,Church,Event Space,Event Service,Diner,7
40391,Winchester,KY,Church,Office,History Museum,Mobile Phone Shop,School,Gas Station,Bank,Dive Bar,Dessert Shop,Diner,7
40403,Berea,KY,Church,Library,Courthouse,Gas Station,Optical Shop,Bagel Shop,City Hall,Salon / Barbershop,Drugstore,Electronics Store,7
40409,Brodhead,KY,Fast Food Restaurant,Post Office,Discount Store,Hardware Store,Hotel,Café,Bank,Elementary School,Smoke Shop,Donut Shop,0
40419,Crab Orchard,KY,Gas Station,Funeral Home,Discount Store,Hardware Store,Building,Indie Movie Theater,Elementary School,Donut Shop,Diner,Distillery,3
40422,Danville,KY,Medical Center,Bakery,Breakfast Spot,Pharmacy,Courthouse,Indoor Play Area,Paper / Office Supplies Store,Distribution Center,Dive Bar,Doctor\\'s Office,6
40437,Hustonville,KY,Post Office,Park,Miscellaneous Shop,Snack Place,Discount Store,Scenic Lookout,Church,Gas Station,Bank,Business Service,7
40444,Lancaster,KY,Library,Cuban Restaurant,Diner,Preschool,Lawyer,Building,Pharmacy,Courthouse,Restaurant,General Travel,6
40456,Mount Vernon,KY,Post Office,Pharmacy,Fast Food Restaurant,Gas Station,Automotive Shop,Grocery Store,Other Great Outdoors,Business Service,Dessert Shop,Discount Store,3
40461,Paint Lick,KY,Hotel,Office,Post Office,Motel,Financial or Legal Service,Sandwich Place,Art Gallery,Convenience Store,Drugstore,Discount Store,0
40475,Richmond,KY,Police Station,Courthouse,Music Store,Chinese Restaurant,Sandwich Place,Office,Salad Place,Lawyer,Post Office,Cosmetics Shop,6
40484,Stanford,KY,Library,Veterinarian,Government Building,Church,Courthouse,Gas Station,Café,Conference Room,Event Space,Donut Shop,6
40486,Tyner,KY,Non-Profit,Residential Building (Apartment / Condo),High School,Factory,Gas Station,Building,Video Store,Elementary School,Doctor\\'s Office,Diner,3
40489,Waynesburg,KY,Discount Store,Post Office,Church,Funeral Home,Border Crossing,Gas Station,Fast Food Restaurant,Emergency Room,Elementary School,Electronics Store,3
40502,Lexington,KY,College Bookstore,Golf Course,High School,Coffee Shop,College Classroom,Locksmith,Diner,Discount Store,Distillery,Distribution Center,4
40503,Lexington,KY,College Bookstore,Golf Course,High School,Coffee Shop,College Classroom,Locksmith,Diner,Discount Store,Distillery,Distribution Center,4
40504,Lexington,KY,College Bookstore,Golf Course,High School,Coffee Shop,College Lab,Locksmith,Diner,Discount Store,Distillery,Distribution Center,4
40505,Lexington,KY,College Bookstore,Golf Course,High School,Coffee Shop,College Classroom,Locksmith,Diner,Discount Store,Distillery,Distribution Center,4
40508,Lexington,KY,College Bookstore,Building,Coffee Shop,Golf Course,Locksmith,High School,Donut Shop,Diner,Discount Store,Distillery,4
40509,Lexington,KY,College Bookstore,Golf Course,High School,Coffee Shop,College Classroom,Locksmith,Diner,Discount Store,Distillery,Distribution Center,4
40511,Lexington,KY,College Bookstore,Golf Course,High School,Coffee Shop,College Lab,Locksmith,Diner,Discount Store,Distillery,Distribution Center,4
40513,Lexington,KY,College Bookstore,Golf Course,High School,Coffee Shop,College Lab,Locksmith,Diner,Discount Store,Distillery,Distribution Center,4
40514,Lexington,KY,College Bookstore,Building,Coffee Shop,Golf Course,Locksmith,High School,Donut Shop,Diner,Discount Store,Distillery,4
40515,Lexington,KY,College Bookstore,Building,Coffee Shop,Golf Course,Locksmith,High School,Donut Shop,Diner,Discount Store,Distillery,4
40516,Lexington,KY,College Bookstore,Golf Course,High School,Coffee Shop,College Classroom,Locksmith,Diner,Discount Store,Distillery,Distribution Center,4
40517,Lexington,KY,College Bookstore,Golf Course,High School,Coffee Shop,College Lab,Locksmith,Diner,Discount Store,Distillery,Distribution Center,4
40601,Frankfort,KY,Government Building,Brewery,Gym / Fitness Center,Campground,Museum,Track,Credit Union,Drugstore,Distillery,Distribution Center,0
40701,Corbin,KY,Bar,Car Wash,Pharmacy,Diner,Office,Park,Financial or Legal Service,Sculpture Garden,Fast Food Restaurant,Elementary School,0
40729,East Bernstadt,KY,Hotel,Post Office,Church,Brewery,Breakfast Spot,Discount Store,Gas Station,Cosmetics Shop,Distillery,Dive Bar,7
40734,Gray,KY,Auto Dealership,Fast Food Restaurant,Mountain,Building,Event Space,Farm,Gas Station,High School,Cosmetics Shop,Elementary School,3
40740,Lily,KY,Post Office,Automotive Shop,Motorsports Shop,Building,Discount Store,Office,Gas Station,Business Service,High School,Costume Shop,3
40741,London,KY,Lawyer,Office,Comic Shop,Building,Courthouse,Brewery,Electronics Store,Distribution Center,Dive Bar,Doctor\\'s Office,6
40744,London,KY,Lawyer,Office,Comic Shop,Building,Courthouse,Brewery,Electronics Store,Distribution Center,Dive Bar,Doctor\\'s Office,6
40759,Rockholds,KY,Fast Food Restaurant,Hotel,Park,Automotive Shop,Taco Place,Breakfast Spot,Discount Store,Motel,Event Space,Drugstore,0
40769,Williamsburg,KY,Gas Station,Plaza,Grocery Store,Sandwich Place,Chinese Restaurant,Library,College Arts Building,Courthouse,Flower Shop,Donut Shop,3
40823,Cumberland,KY,Fast Food Restaurant,Sandwich Place,Discount Store,Pizza Place,Mexican Restaurant,Financial or Legal Service,Grocery Store,Bank,Automotive Shop,Driving School,0
40828,Evarts,KY,Discount Store,Office,Campground,Bank,Elementary School,School,Event Service,Emergency Room,Event Space,Eye Doctor,0
40831,Harlan,KY,Church,Gas Station,Pizza Place,Event Space,Pharmacy,Building,Auto Dealership,Diner,Automotive Shop,Driving School,7
40906,Barbourville,KY,Sandwich Place,Courthouse,Miscellaneous Shop,Café,Coffee Shop,BBQ Joint,Police Station,Cosmetics Shop,Discount Store,Distribution Center,6
40935,Flat Lick,KY,Elementary School,Convenience Store,Discount Store,Pharmacy,Pizza Place,Church,Hardware Store,Hospital,Eye Doctor,Diner,7
40962,Manchester,KY,Automotive Shop,Fast Food Restaurant,Courthouse,Discount Store,Bank,Restaurant,City Hall,Emergency Room,Eye Doctor,Diner,0
40965,Middlesboro,KY,History Museum,Coffee Shop,Business Service,Medical Lab,Doctor\\'s Office,Discount Store,Church,Police Station,Convenience Store,Country Dance Club,7
40977,Pineville,KY,Courthouse,Pedestrian Plaza,Funeral Home,Sandwich Place,Building,Pharmacy,Grocery Store,Fried Chicken Joint,Medical Center,Donut Shop,6
41001,Alexandria,KY,Automotive Shop,Church,Office,Rental Car Location,School,Hardware Store,Rental Service,Design Studio,Dessert Shop,Diner,7
41004,Brooksville,KY,Building,Car Wash,Courthouse,Sandwich Place,Deli / Bodega,Laundry Service,Resort,Government Building,Diner,Drugstore,6
41005,Burlington,KY,Courthouse,General Travel,Café,Sorority House,Steakhouse,Restaurant,Government Building,General Entertainment,Automotive Shop,Yoga Studio,6
41006,Butler,KY,Elementary School,Building,Medical Center,Harbor / Marina,Discount Store,Community Center,Festival,Fabric Shop,Driving School,Distillery,0
41007,California,KY,Deli / Bodega,Arts & Entertainment,River,Auto Dealership,Design Studio,High School,Art Gallery,Historic Site,Factory,Donut Shop,0
41008,Carrollton,KY,Gas Station,Automotive Shop,Dentist\\'s Office,Bank,Post Office,Plaza,Eye Doctor,Doctor\\'s Office,Diner,Discount Store,3
41010,Corinth,KY,Gas Station,Building,Campground,Pet Service,Drugstore,Discount Store,Distillery,Distribution Center,Dive Bar,Doctor\\'s Office,3
41011,Covington,KY,Music Venue,Post Office,Dentist\\'s Office,Building,Hotel,Pub,Coffee Shop,Discount Store,Distillery,Distribution Center,0
41014,Covington,KY,Music Venue,Post Office,Dentist\\'s Office,Building,Hotel,Pub,Coffee Shop,Discount Store,Distillery,Distribution Center,0
41015,Latonia,KY,Bakery,General Travel,Mobile Phone Shop,Big Box Store,Fast Food Restaurant,Event Service,River,Museum,Bar,Yoga Studio,0
41016,Covington,KY,Music Venue,Post Office,Dentist\\'s Office,Building,Hotel,Pub,Coffee Shop,Discount Store,Distillery,Distribution Center,0
41017,Ft Mitchell,KY,Dentist\\'s Office,Medical Center,Office,Salon / Barbershop,Pub,Hotel,Pet Service,Restaurant,Dessert Shop,Diner,0
41018,Erlanger,KY,Church,Thrift / Vintage Store,Jewelry Store,Music Store,Bar,Bakery,Miscellaneous Shop,Pizza Place,Drugstore,Distillery,7
41030,Crittenden,KY,Farm,Building,Fast Food Restaurant,General Entertainment,Discount Store,Dentist\\'s Office,Thrift / Vintage Store,Event Service,Emergency Room,Elementary School,0
41031,Cynthiana,KY,Doctor\\'s Office,Church,Concert Hall,Restaurant,Funeral Home,Gas Station,Bar,Library,Country Dance Club,Courthouse,7
41035,Dry Ridge,KY,Bakery,Funeral Home,Church,Ice Cream Shop,Pharmacy,Park,Furniture / Home Store,Dive Bar,Dessert Shop,Diner,7
41039,Ewing,KY,Gas Station,Post Office,Fast Food Restaurant,Elementary School,Medical Center,Sandwich Place,Hospital,Construction & Landscaping,Driving School,Discount Store,3
41040,Falmouth,KY,Post Office,BBQ Joint,Office,Doctor\\'s Office,Building,Gas Station,Bar,Town Hall,Police Station,Arcade,3
41041,Flemingsburg,KY,Courthouse,Post Office,Cosmetics Shop,Fast Food Restaurant,Gas Station,Grocery Store,Speakeasy,Pizza Place,Convenience Store,Drugstore,6
41042,Florence,KY,Medical Center,High School,Pizza Place,Pub,Rental Car Location,Church,School,Newsstand,Factory,Grocery Store,7
41048,Hebron,KY,Fast Food Restaurant,Pharmacy,Discount Store,Bar,Trade School,Italian Restaurant,Supermarket,Event Service,Eye Doctor,Factory,0
41051,Independence,KY,Courthouse,Post Office,Bank,Office,Gas Station,Farmers Market,Harbor / Marina,Donut Shop,Dessert Shop,Diner,6
41056,Maysville,KY,Church,New American Restaurant,Gas Station,Gay Bar,Music Venue,Rental Car Location,Dessert Shop,Diner,Discount Store,Distillery,7
41059,Melbourne,KY,Gas Station,Ice Cream Shop,Dive Bar,Tech Startup,Church,Bar,Spiritual Center,Convention Center,Drugstore,Conference Room,7
41063,Morning View,KY,Church,Dentist\\'s Office,General Entertainment,Golf Course,Medical Center,Yoga Studio,Doctor\\'s Office,Diner,Discount Store,Distillery,7
41071,Newport,KY,Fast Food Restaurant,Gym,Monument / Landmark,Lawyer,Bistro,Discount Store,Building,Brewery,Gym / Fitness Center,South Indian Restaurant,0
41073,Bellevue,KY,City Hall,Vineyard,Church,Bar,Boat or Ferry,Pub,Gas Station,Grocery Store,Event Service,Fabric Shop,7
41074,Dayton,KY,Clothing Store,Café,Burrito Place,Art Studio,Chinese Restaurant,Coffee Shop,Laundry Service,Fried Chicken Joint,Dentist\\'s Office,Yoga Studio,0
41075,Fort Thomas,KY,Church,Funeral Home,Building,Tech Startup,School,Post Office,Pool,Construction & Landscaping,Driving School,Community College,7
41076,Newport,KY,Fast Food Restaurant,Gym,Monument / Landmark,Lawyer,Bistro,Discount Store,Building,Brewery,Gym / Fitness Center,South Indian Restaurant,0
41086,Sparta,KY,Gas Station,Business Service,Fast Food Restaurant,Bar,Racetrack,Truck Stop,Sandwich Place,Dive Bar,Doctor\\'s Office,Dessert Shop,3
41091,Union,KY,Dentist\\'s Office,Post Office,Restaurant,Church,Cocktail Bar,Gas Station,Convention Center,Dessert Shop,Discount Store,Distillery,7
41092,Verona,KY,Gas Station,Elementary School,Dentist\\'s Office,Bank,Light Rail Station,Diner,Winery,Pizza Place,Miscellaneous Shop,Fabric Shop,3
41093,Wallingford,KY,Church,Golf Course,Discount Store,Fast Food Restaurant,Festival,Tech Startup,Campground,Ski Lodge,Distillery,Distribution Center,7
41094,Walton,KY,Gas Station,Butcher,Fast Food Restaurant,Discount Store,Ice Cream Shop,Pharmacy,Coffee Shop,Supermarket,Automotive Shop,Driving School,3
41095,Warsaw,KY,Discount Store,Harbor / Marina,Fire Station,Pharmacy,Courthouse,Yoga Studio,Drugstore,Distillery,Distribution Center,Dive Bar,6
41097,Williamstown,KY,Post Office,Courthouse,Tattoo Parlor,Church,Gas Station,Bank,Coffee Shop,Coworking Space,Thrift / Vintage Store,Monument / Landmark,7
41101,Ashland,KY,Auto Dealership,Steakhouse,Nail Salon,Museum,City Hall,Police Station,Building,Event Service,Donut Shop,Discount Store,0
41102,Ashland,KY,Auto Dealership,Steakhouse,Nail Salon,Museum,City Hall,Police Station,Building,Event Service,Donut Shop,Discount Store,0
41129,Catlettsburg,KY,Grocery Store,Fast Food Restaurant,Pizza Place,Discount Store,Pharmacy,Elementary School,Gas Station,Emergency Room,Event Service,Event Space,3
41139,Flatwoods,KY,Home Service,Financial or Legal Service,Library,Pizza Place,Gas Station,Veterinarian,Pharmacy,Paper / Office Supplies Store,Dive Bar,Dessert Shop,3
41143,Grayson,KY,Post Office,Pharmacy,Building,Discount Store,Church,Optical Shop,Lawyer,Pizza Place,Convention Center,Diner,7
41144,Greenup,KY,Building,Church,Park,Doctor\\'s Office,Courthouse,Carpet Store,Chiropractor,Discount Store,Distillery,Distribution Center,6
41164,Olive Hill,KY,Post Office,Convenience Store,Fast Food Restaurant,Food,Car Wash,Discount Store,City Hall,Convention Center,Cosmetics Shop,Distribution Center,0
41169,Russell,KY,Doctor\\'s Office,Office,Church,High School,Professional & Other Places,Cemetery,BBQ Joint,Donut Shop,Diner,Discount Store,7
41171,Sandy Hook,KY,Discount Store,Fast Food Restaurant,Government Building,Police Station,Farm,Gas Station,Grocery Store,Courthouse,Driving School,Distillery,3
41175,South Shore,KY,Post Office,Train Station,Gas Station,Hardware Store,Fast Food Restaurant,Discount Store,Shop & Service,Grocery Store,Medical Center,Diner,3
41179,Vanceburg,KY,Fast Food Restaurant,Discount Store,City Hall,Miscellaneous Shop,Financial or Legal Service,Diner,Library,Costume Shop,Country Dance Club,Dive Bar,0
41224,Inez,KY,Gas Station,Courthouse,Bank,Doctor\\'s Office,Supermarket,Library,Government Building,Emergency Room,Diner,Discount Store,6
41230,Louisa,KY,Courthouse,Post Office,Theater,Church,Gas Station,Bank,Coffee Shop,Salon / Barbershop,Costume Shop,Country Dance Club,6
41240,Paintsville,KY,Police Station,Mexican Restaurant,Italian Restaurant,Courthouse,School,Movie Theater,Rental Car Location,South American Restaurant,Community College,High School,6
41256,Staffordsville,KY,Gas Station,Gym / Fitness Center,Bakery,Automotive Shop,Grocery Store,Pharmacy,Big Box Store,Fast Food Restaurant,Emergency Room,Fabric Shop,3
41301,Campton,KY,Gas Station,High School,Police Station,Miscellaneous Shop,Mexican Restaurant,Sandwich Place,Salon / Barbershop,Historic Site,Hardware Store,Construction & Landscaping,3
41311,Beattyville,KY,Gas Station,Business Service,Mexican Restaurant,BBQ Joint,Automotive Shop,Memorial Site,Courthouse,Discount Store,Convenience Store,Fabric Shop,3
41314,Booneville,KY,Gas Station,Courthouse,Discount Store,Office,Church,Business Center,Business Service,Eye Doctor,Donut Shop,Diner,3
41339,Jackson,KY,Library,Fast Food Restaurant,Salon / Barbershop,Donut Shop,Courthouse,Sculpture Garden,Community College,Event Service,Dessert Shop,Diner,0
41465,Salyersville,KY,Gas Station,Automotive Shop,Fast Food Restaurant,Discount Store,Tourist Information Center,Restaurant,Post Office,Hardware Store,Convenience Store,Driving School,3
41472,West Liberty,KY,Gas Station,Pharmacy,Office,Department Store,Bank,Church,Convenience Store,Playground,Event Space,Event Service,3
41501,Pikeville,KY,Lawyer,Brewery,Distillery,Coffee Shop,Restaurant,Medical School,University,Courthouse,College Bookstore,Multiplex,6
41514,Belfry,KY,Hardware Store,Big Box Store,Funeral Home,Sandwich Place,Convenience Store,Middle School,Pharmacy,Gas Station,Automotive Shop,Doctor\\'s Office,3
41522,Elkhorn City,KY,Sandwich Place,Pizza Place,Discount Store,Automotive Shop,Theater,Hardware Store,Event Space,Dessert Shop,Diner,Fabric Shop,0
41537,Jenkins,KY,Discount Store,Gas Station,Pharmacy,Grocery Store,Office,Fast Food Restaurant,Doctor\\'s Office,Dessert Shop,Diner,Eye Doctor,3
41562,Shelbiana,KY,Gas Station,Discount Store,Building,Coworking Space,Moving Target,Church,Fast Food Restaurant,Convenience Store,Eye Doctor,Driving School,3
41572,Virgie,KY,Discount Store,Gas Station,Wings Joint,Automotive Shop,Building,Medical Center,Library,Costume Shop,Elementary School,Dive Bar,3
41635,Harold,KY,Auto Dealership,Rental Car Location,Automotive Shop,Discount Store,Gas Station,Financial or Legal Service,Tanning Salon,Medical Center,Distillery,Distribution Center,3
41653,Prestonsburg,KY,Discount Store,Auto Dealership,Food,Hardware Store,Photography Lab,Pharmacy,Distillery,Distribution Center,Dive Bar,Doctor\\'s Office,0
41701,Hazard,KY,Gas Station,Courthouse,Bridge,Beer Garden,Gym,Fast Food Restaurant,Cosmetics Shop,Elementary School,Distribution Center,Dive Bar,3
41749,Hyden,KY,Gas Station,Automotive Shop,Sandwich Place,Shoe Store,Discount Store,Financial or Legal Service,College Classroom,Courthouse,Park,Yoga Studio,3
41858,Whitesburg,KY,Funeral Home,Professional & Other Places,Burger Joint,Pharmacy,Courthouse,Restaurant,Medical Center,Automotive Shop,Driving School,Discount Store,6
42501,Somerset,KY,Courthouse,Brewery,Gas Station,Market,Bank,Government Building,Post Office,Plaza,Emergency Room,Elementary School,6
42503,Somerset,KY,Courthouse,Brewery,Gas Station,Market,Bank,Government Building,Post Office,Plaza,Emergency Room,Elementary School,6
42519,Burnside,KY,Post Office,Grocery Store,Bridge,Medical Center,City Hall,Library,Motel,Electronics Store,Distribution Center,Dive Bar,0
42539,Liberty,KY,Automotive Shop,Post Office,Movie Theater,Electronics Store,Gym,Courthouse,Hardware Store,Miscellaneous Shop,Eye Doctor,Driving School,0
42553,Science Hill,KY,Post Office,Ice Cream Shop,Church,Baseball Field,Bank,Non-Profit,Building,Library,Professional & Other Places,Emergency Room,7
42567,Eubank,KY,Post Office,Bank,Park,Discount Store,Event Space,Building,Furniture / Home Store,Gas Station,Fast Food Restaurant,Gym,3
43001,Alexandria,OH,Post Office,Convenience Store,Fire Station,Food & Drink Shop,Doctor\\'s Office,Coffee Shop,Vegetarian / Vegan Restaurant,Spa,Pizza Place,Art Gallery,0
43002,Amlin,OH,Post Office,Park,Gas Station,BBQ Joint,Salon / Barbershop,Preschool,Department Store,Dessert Shop,Diner,Discount Store,3
43003,Ashley,OH,Post Office,Ice Cream Shop,Military Base,Campground,Tech Startup,Discount Store,Bar,Spiritual Center,Cosmetics Shop,Distribution Center,0
43004,Blacklick,OH,Salon / Barbershop,Veterinarian,Stables,Building,Light Rail Station,Nursery School,Garden Center,Miscellaneous Shop,College Lab,Electronics Store,0
43008,Buckeye Lake,OH,Beach,Harbor / Marina,Lake,Veterinarian,Storage Facility,Driving School,Diner,Discount Store,Distillery,Distribution Center,0
43011,Centerburg,OH,Pizza Place,Lawyer,Golf Course,Financial or Legal Service,Sandwich Place,Beer Bar,Bank,Bakery,Monument / Landmark,Courthouse,0
43014,Danville,OH,Post Office,Boutique,High School,Discount Store,Bar,Bank,Veterinarian,Pub,Tanning Salon,Distillery,0
43015,Delaware,OH,Salon / Barbershop,Doctor\\'s Office,Beer Store,Pizza Place,Cajun / Creole Restaurant,Restaurant,Ice Cream Shop,City Hall,Diner,Discount Store,0
43016,Dublin,OH,Ice Cream Shop,Professional & Other Places,Intersection,Building,College Library,Pub,Juice Bar,Coffee Shop,French Restaurant,Café,0
43017,Dublin,OH,Ice Cream Shop,Professional & Other Places,Intersection,Building,College Library,Pub,Juice Bar,Coffee Shop,French Restaurant,Café,0
43019,Fredericktown,OH,Factory,Pizza Place,Tech Startup,Professional & Other Places,Building,Other Great Outdoors,Financial or Legal Service,Bank,Driving School,Distillery,0
43021,Galena,OH,Miscellaneous Shop,College Classroom,Tourist Information Center,Lake,Bank,Coffee Shop,Diner,Office,Middle School,Emergency Room,0
43022,Gambier,OH,College Bookstore,Other Great Outdoors,Hotel,Coffee Shop,General College & University,College Administrative Building,College Arts Building,College Auditorium,Church,Yoga Studio,7
43023,Granville,OH,Church,Post Office,Ice Cream Shop,General Travel,BBQ Joint,Office,Pizza Place,Event Service,Dive Bar,Dessert Shop,7
43025,Hebron,OH,Gas Station,Automotive Shop,High School,Chinese Restaurant,Ice Cream Shop,Elementary School,Pharmacy,Diner,Discount Store,Distillery,3
43026,Hilliard,OH,Miscellaneous Shop,Park,Sports Bar,Financial or Legal Service,Diner,Sculpture Garden,Salon / Barbershop,Funeral Home,Pizza Place,Costume Shop,0
43028,Howard,OH,Pizza Place,Tech Startup,Post Office,Construction & Landscaping,Ice Cream Shop,Bridge,Bar,Sandwich Place,Trail,Yoga Studio,0
43031,Johnstown,OH,Gas Station,Gift Shop,Concert Hall,Hardware Store,Convenience Store,Gastropub,Coffee Shop,Park,Yoga Studio,Diner,3
43035,Lewis Center,OH,Coffee Shop,Supermarket,Scenic Lookout,Locksmith,Medical Center,School,Building,Emergency Room,Dive Bar,Diner,0
43040,Marysville,OH,Bar,Comic Shop,Ice Cream Shop,Mexican Restaurant,Dentist\\'s Office,Food,Bank,City Hall,Automotive Shop,Yoga Studio,0
43044,Mechanicsburg,OH,Post Office,Coffee Shop,Fire Station,Doctor\\'s Office,Other Great Outdoors,Dentist\\'s Office,Pizza Place,Convenience Store,Diner,Distillery,0
43046,Millersport,OH,Gas Station,Hardware Store,Bank,Building,Gymnastics Gym,Office,Convenience Store,Event Space,Diner,Discount Store,3
43050,Mount Vernon,OH,Bank,Post Office,Travel Agency,Burger Joint,Financial or Legal Service,Brewery,Farmers Market,Hotel,Convention Center,Distillery,0
43054,New Albany,OH,Yoga Studio,Bike Shop,Gas Station,Office,Police Station,Spa,Post Office,Art Gallery,Arts & Entertainment,Dessert Shop,3
43055,Newark,OH,Plaza,Candy Store,Business Center,Lawyer,Coffee Shop,Automotive Shop,Courthouse,Government Building,Financial or Legal Service,Event Service,6
43056,Heath,OH,Church,Automotive Shop,Gas Station,Hotel,Pizza Place,Driving School,Diner,Discount Store,Distillery,Distribution Center,7
43060,North Lewisburg,OH,Building,Office,Ice Cream Shop,Fire Station,Sandwich Place,Baseball Stadium,Factory,Pizza Place,Cosmetics Shop,Electronics Store,0
43061,Ostrander,OH,Convenience Store,Farm,Performing Arts Venue,Park,Elementary School,Discount Store,Distillery,Distribution Center,Dive Bar,Doctor\\'s Office,0
43062,Pataskala,OH,Yoga Studio,Government Building,Park,Coffee Shop,Dentist\\'s Office,Flower Shop,Funeral Home,Automotive Shop,Miscellaneous Shop,Arts & Crafts Store,0
43064,Plain City,OH,Antique Shop,Gym / Fitness Center,Restaurant,Bar,Auto Garage,Financial or Legal Service,Pub,Museum,Pizza Place,History Museum,0
43065,Powell,OH,Spa,Event Space,Tiki Bar,Social Club,Gastropub,Ice Cream Shop,Cocktail Bar,Coffee Shop,Doctor\\'s Office,Diner,0
43068,Reynoldsburg,OH,Bar,Supermarket,Automotive Shop,Fast Food Restaurant,Fire Station,Bank,Emergency Room,Donut Shop,Car Wash,Distribution Center,0
43072,Saint Paris,OH,Historic Site,Post Office,Gym / Fitness Center,Café,Funeral Home,Dentist\\'s Office,Bank,Salon / Barbershop,Convention Center,Cosmetics Shop,0
43074,Sunbury,OH,Antique Shop,Government Building,Restaurant,Office,Chinese Restaurant,Food,Beer Garden,Laundry Service,Plaza,Gun Shop,0
43076,Thornville,OH,Bank,Post Office,Tanning Salon,City Hall,Pizza Place,Strip Club,Discount Store,Distillery,Distribution Center,Dive Bar,0
43078,Urbana,OH,Boutique,Auto Workshop,Tech Startup,Bar,Candy Store,Gift Shop,Italian Restaurant,Distribution Center,Dive Bar,Doctor\\'s Office,0
43080,Utica,OH,Building,Post Office,Fire Station,Bar,Tattoo Parlor,Medical Center,Funeral Home,Event Service,Emergency Room,Elementary School,0
43081,Westerville,OH,Yoga Studio,BBQ Joint,Music School,Tea Room,Office,Other Nightlife,College Academic Building,Clothing Store,Winery,Historic Site,0
43082,Westerville,OH,Yoga Studio,BBQ Joint,Music School,Tea Room,Office,Other Nightlife,College Academic Building,Clothing Store,Winery,Historic Site,0
43085,Columbus,OH,Capitol Building,Government Building,History Museum,Gift Shop,Yoga Studio,Diner,Discount Store,Distillery,Distribution Center,Dive Bar,1
43102,Amanda,OH,Post Office,Fire Station,School,Gas Station,Gift Shop,Sandwich Place,Auto Dealership,Funeral Home,Playground,Driving School,3
43103,Ashville,OH,Fast Food Restaurant,Library,Pizza Place,Convenience Store,Sandwich Place,Museum,Coffee Shop,Yoga Studio,Donut Shop,Discount Store,0
43105,Baltimore,OH,Pizza Place,Bar,Historic Site,Chiropractor,Pub,Bank,Yoga Studio,Donut Shop,Discount Store,Distillery,0
43107,Bremen,OH,Diner,Coworking Space,Fire Station,Gas Station,Park,Restaurant,Liquor Store,Elementary School,Electronics Store,Drugstore,3
43110,Canal Winchester,OH,Bank,Historic Site,Café,Hardware Store,Pizza Place,Bakery,Yoga Studio,Driving School,Discount Store,Distillery,0
43112,Carroll,OH,Dive Bar,Golf Course,Convenience Store,Bar,Rest Area,Park,Church,High School,Pizza Place,Event Service,7
43113,Circleville,OH,Government Building,Courthouse,Post Office,Fair,Deli / Bodega,Pizza Place,Mexican Restaurant,Driving School,Discount Store,Distillery,6
43119,Galloway,OH,Building,Gas Station,High School,Dive Bar,Coworking Space,Drugstore,Diner,Discount Store,Distillery,Distribution Center,3
43123,Grove City,OH,Library,Arts & Crafts Store,Non-Profit,Coffee Shop,Bar,General Entertainment,Police Station,Sports Bar,Event Service,Emergency Room,0
43125,Groveport,OH,School,Sporting Goods Shop,Warehouse Store,Building,Gas Station,City Hall,Factory,High School,Drugstore,Discount Store,3
43130,Lancaster,OH,Lawyer,Courthouse,Church,Medical Center,Government Building,Office,Art Gallery,History Museum,Police Station,Diner,6
43135,Laurelville,OH,Diner,Post Office,Grocery Store,Elementary School,Sandwich Place,Automotive Shop,Gas Station,Convention Center,Dessert Shop,Discount Store,3
43138,Logan,OH,Bakery,Post Office,Food,Frozen Yogurt Shop,Pizza Place,Bookstore,Shopping Plaza,Government Building,Discount Store,Distillery,0
43140,London,OH,Courthouse,Bank,Bed & Breakfast,Fast Food Restaurant,Building,Tanning Salon,Government Building,Monument / Landmark,Country Dance Club,Emergency Room,6
43143,Mount Sterling,OH,Building,Factory,Pizza Place,Fire Station,Flea Market,Pedestrian Plaza,Food,Drugstore,Distillery,Distribution Center,0
43146,Orient,OH,Storage Facility,Post Office,Government Building,Diner,Discount Store,Distillery,Distribution Center,Dive Bar,Doctor\\'s Office,Donut Shop,0
43147,Pickerington,OH,History Museum,Fire Station,Dentist\\'s Office,Furniture / Home Store,Intersection,Brewery,City Hall,Art Gallery,Event Space,Donut Shop,0
43148,Pleasantville,OH,Building,Convenience Store,Financial or Legal Service,Fire Station,Italian Restaurant,Elementary School,Automotive Shop,Yoga Studio,Electronics Store,Distribution Center,0
43149,Rockbridge,OH,Gas Station,Fast Food Restaurant,Nursery School,Field,Golf Course,Donut Shop,Diner,Discount Store,Distillery,Distribution Center,3
43154,Stoutsville,OH,Gas Station,School,Pizza Place,Baseball Field,General College & University,University,Brewery,Automotive Shop,Donut Shop,Discount Store,3
43155,Sugar Grove,OH,Church,Post Office,Bar,Cemetery,Deli / Bodega,Coworking Space,Fast Food Restaurant,Event Service,Dive Bar,Discount Store,7
43160,Washington Court House,OH,Government Building,Courthouse,Gym / Fitness Center,Bank,Antique Shop,Office,Emergency Room,Diner,Discount Store,Distillery,6
43162,West Jefferson,OH,Bank,Sporting Goods Shop,Automotive Shop,Sports Bar,Diner,Sandwich Place,Gas Station,Cosmetics Shop,Electronics Store,Distillery,3
43201,Columbus,OH,Capitol Building,Government Building,History Museum,Gift Shop,Yoga Studio,Diner,Discount Store,Distillery,Distribution Center,Dive Bar,1
43202,Columbus,OH,Capitol Building,Government Building,History Museum,Gift Shop,Yoga Studio,Diner,Discount Store,Distillery,Distribution Center,Dive Bar,1
43203,Columbus,OH,Capitol Building,Government Building,History Museum,Gift Shop,Yoga Studio,Diner,Discount Store,Distillery,Distribution Center,Dive Bar,1
43204,Columbus,OH,Capitol Building,Government Building,History Museum,Gift Shop,Yoga Studio,Diner,Discount Store,Distillery,Distribution Center,Dive Bar,1
43205,Columbus,OH,Capitol Building,Government Building,History Museum,Gift Shop,Yoga Studio,Diner,Discount Store,Distillery,Distribution Center,Dive Bar,1
43206,Columbus,OH,Capitol Building,Government Building,History Museum,Gift Shop,Yoga Studio,Diner,Discount Store,Distillery,Distribution Center,Dive Bar,1
43207,Columbus,OH,Capitol Building,Government Building,History Museum,Gift Shop,Yoga Studio,Diner,Discount Store,Distillery,Distribution Center,Dive Bar,1
43209,Columbus,OH,Capitol Building,Government Building,History Museum,Gift Shop,Yoga Studio,Diner,Discount Store,Distillery,Distribution Center,Dive Bar,1
43211,Columbus,OH,Capitol Building,Government Building,History Museum,Gift Shop,Yoga Studio,Diner,Discount Store,Distillery,Distribution Center,Dive Bar,1
43212,Columbus,OH,Capitol Building,Government Building,History Museum,Gift Shop,Yoga Studio,Diner,Discount Store,Distillery,Distribution Center,Dive Bar,1
43213,Columbus,OH,Capitol Building,Government Building,History Museum,Gift Shop,Yoga Studio,Diner,Discount Store,Distillery,Distribution Center,Dive Bar,1
43214,Columbus,OH,Capitol Building,Government Building,History Museum,Gift Shop,Yoga Studio,Diner,Discount Store,Distillery,Distribution Center,Dive Bar,1
43215,Columbus,OH,Capitol Building,Government Building,History Museum,Gift Shop,Yoga Studio,Diner,Discount Store,Distillery,Distribution Center,Dive Bar,1
43217,Columbus,OH,Capitol Building,Government Building,History Museum,Gift Shop,Yoga Studio,Diner,Discount Store,Distillery,Distribution Center,Dive Bar,1
43219,Columbus,OH,Capitol Building,Government Building,History Museum,Gift Shop,Yoga Studio,Diner,Discount Store,Distillery,Distribution Center,Dive Bar,1
43220,Columbus,OH,Capitol Building,Government Building,History Museum,Gift Shop,Yoga Studio,Diner,Discount Store,Distillery,Distribution Center,Dive Bar,1
43221,Columbus,OH,Capitol Building,Government Building,History Museum,Gift Shop,Yoga Studio,Diner,Discount Store,Distillery,Distribution Center,Dive Bar,1
43222,Columbus,OH,Capitol Building,Government Building,History Museum,Gift Shop,Yoga Studio,Diner,Discount Store,Distillery,Distribution Center,Dive Bar,1
43223,Columbus,OH,Capitol Building,Government Building,History Museum,Gift Shop,Yoga Studio,Diner,Discount Store,Distillery,Distribution Center,Dive Bar,1
43224,Columbus,OH,Capitol Building,Government Building,History Museum,Gift Shop,Yoga Studio,Diner,Discount Store,Distillery,Distribution Center,Dive Bar,1
43227,Columbus,OH,Capitol Building,Government Building,History Museum,Gift Shop,Yoga Studio,Diner,Discount Store,Distillery,Distribution Center,Dive Bar,1
43228,Columbus,OH,Capitol Building,Government Building,History Museum,Gift Shop,Yoga Studio,Diner,Discount Store,Distillery,Distribution Center,Dive Bar,1
43229,Columbus,OH,Capitol Building,Government Building,History Museum,Gift Shop,Yoga Studio,Diner,Discount Store,Distillery,Distribution Center,Dive Bar,1
43230,Columbus,OH,Capitol Building,Government Building,History Museum,Gift Shop,Yoga Studio,Diner,Discount Store,Distillery,Distribution Center,Dive Bar,1
43231,Columbus,OH,Capitol Building,Government Building,History Museum,Gift Shop,Yoga Studio,Diner,Discount Store,Distillery,Distribution Center,Dive Bar,1
43232,Columbus,OH,Capitol Building,Government Building,History Museum,Gift Shop,Yoga Studio,Diner,Discount Store,Distillery,Distribution Center,Dive Bar,1
43235,Columbus,OH,Capitol Building,Government Building,History Museum,Gift Shop,Yoga Studio,Diner,Discount Store,Distillery,Distribution Center,Dive Bar,1
43240,Columbus,OH,Capitol Building,Government Building,History Museum,Gift Shop,Yoga Studio,Diner,Discount Store,Distillery,Distribution Center,Dive Bar,1
43302,Marion,OH,Building,Bus Station,Police Station,Convenience Store,Gym / Fitness Center,Toy / Game Store,Courthouse,Medical Center,Drugstore,Distribution Center,6
43311,Bellefontaine,OH,Post Office,Tourist Information Center,Italian Restaurant,Furniture / Home Store,Coworking Space,Coffee Shop,Shopping Mall,Business Service,Historic Site,Assisted Living,0
43315,Cardington,OH,Library,Hardware Store,Supermarket,Financial or Legal Service,Building,Salon / Barbershop,Winery,Hospital,Donut Shop,Dessert Shop,0
43318,De Graff,OH,Post Office,Ice Cream Shop,Restaurant,Discount Store,Gas Station,Farm,Gymnastics Gym,Doctor\\'s Office,Design Studio,Dessert Shop,3
43324,Huntsville,OH,Antique Shop,Convenience Store,Pizza Place,Ice Cream Shop,Coffee Shop,Building,Fire Station,Church,Elementary School,Bank,7
43334,Marengo,OH,Gas Station,Grocery Store,Fast Food Restaurant,Music Venue,Sandwich Place,BBQ Joint,Farmers Market,Convenience Store,Cosmetics Shop,Drugstore,3
43338,Mount Gilead,OH,Post Office,Financial or Legal Service,Sculpture Garden,Gas Station,Courthouse,Office,Government Building,Donut Shop,Hardware Store,Café,6
43342,Prospect,OH,Post Office,Bar,Building,Financial or Legal Service,Cemetery,Nursery School,Gas Station,Club House,Pizza Place,Costume Shop,3
43344,Richwood,OH,Post Office,College Library,Sandwich Place,Bank,Cosmetics Shop,Ice Cream Shop,Flower Shop,Office,Emergency Room,Eye Doctor,0
43357,West Liberty,OH,Antique Shop,Convenience Store,Ice Cream Shop,Gift Shop,Gas Station,Food,Field,Pharmacy,Post Office,Assisted Living,3
43701,Zanesville,OH,Building,Courthouse,Government Building,Lawyer,Bridge,Electronics Store,Italian Restaurant,Elementary School,Distribution Center,Dive Bar,6
43713,Barnesville,OH,Post Office,Government Building,Building,Storage Facility,Bowling Alley,Discount Store,Gas Station,Office,Pizza Place,Cosmetics Shop,3
43718,Belmont,OH,Hotel,Sandwich Place,High School,Gas Station,Fast Food Restaurant,State / Provincial Park,Financial or Legal Service,Rest Area,Doctor\\'s Office,Dessert Shop,3
43719,Bethesda,OH,Gas Station,Park,High School,Spiritual Center,Farm,Hotel,Fast Food Restaurant,Financial or Legal Service,Bank,Yoga Studio,3
43723,Byesville,OH,Elementary School,City Hall,Sandwich Place,Bank,Doctor\\'s Office,Food,Fast Food Restaurant,Platform,Funeral Home,Electronics Store,0
43724,Caldwell,OH,Pizza Place,Bank,Courthouse,Office,Medical Center,Auto Dealership,Discount Store,Distillery,Distribution Center,Dive Bar,6
43725,Cambridge,OH,Gym,Office,Church,Toy / Game Store,Park,University,Miscellaneous Shop,Wine Bar,Convention Center,Driving School,7
43731,Crooksville,OH,Church,Discount Store,Pizza Place,Convenience Store,Pharmacy,Ice Cream Shop,Financial or Legal Service,Supermarket,Drugstore,Distillery,7
43748,Junction City,OH,Bank,Post Office,Fire Station,Diner,Bar,Sandwich Place,Grocery Store,Government Building,High School,Elementary School,0
43749,Kimbolton,OH,Resort,Gas Station,Building,Financial or Legal Service,Campground,National Park,Yoga Studio,Distillery,Distribution Center,Dive Bar,3
43756,Mcconnelsville,OH,Salon / Barbershop,Building,Funeral Home,Discount Store,Bar,Bank,Courthouse,Lighting Store,Hardware Store,Event Service,6
43758,Malta,OH,Gas Station,Ice Cream Shop,Church,Military Base,Building,Bar,Cave,Driving School,Distillery,Distribution Center,3
43762,New Concord,OH,Doctor\\'s Office,Pizza Place,Coffee Shop,Sandwich Place,Diner,Bank,General College & University,Post Office,Electronics Store,Drugstore,0
43764,New Lexington,OH,Building,Post Office,Government Building,Sports Bar,Food,City Hall,Restaurant,Salon / Barbershop,Cosmetics Shop,Diner,0
43773,Quaker City,OH,Post Office,Financial or Legal Service,Gas Station,Bookstore,Food,Government Building,Miscellaneous Shop,Café,Construction & Landscaping,Event Space,3
43777,Roseville,OH,Gas Station,Thrift / Vintage Store,Church,Elementary School,Storage Facility,Sandwich Place,Dive Bar,Design Studio,Dessert Shop,Diner,3
43783,Somerset,OH,Post Office,Bank,Hardware Store,Gas Station,New American Restaurant,Cultural Center,Sandwich Place,Breakfast Spot,Historic Site,Assisted Living,3
43787,Stockport,OH,Discount Store,High School,Hardware Store,Building,Financial or Legal Service,Storage Facility,Grocery Store,Courthouse,Restaurant,Yoga Studio,6
43793,Woodsfield,OH,Salon / Barbershop,Sandwich Place,Medical Center,Fried Chicken Joint,Hardware Store,Fast Food Restaurant,Discount Store,Bar,Mexican Restaurant,Distillery,0
43804,Baltic,OH,Post Office,Bank,Sports Bar,Financial or Legal Service,Elementary School,Car Wash,Deli / Bodega,Theme Restaurant,Miscellaneous Shop,Winery,0
43812,Coshocton,OH,Office,Elementary School,Bar,College & University,General Travel,Doctor\\'s Office,Library,Conference Room,Event Service,Fabric Shop,0
43821,Dresden,OH,Business Center,Library,Pizza Place,Convenience Store,Financial or Legal Service,Storage Facility,Food Truck,General Travel,Driving School,Distillery,0
43822,Frazeysburg,OH,Sandwich Place,Gas Station,Baseball Field,Fast Food Restaurant,Other Nightlife,Financial or Legal Service,Nightlife Spot,Discount Store,Dive Bar,Diner,3
43824,Fresno,OH,Sandwich Place,Winery,Discount Store,Convenience Store,Financial or Legal Service,Big Box Store,Church,Donut Shop,Diner,Distillery,7
43830,Nashport,OH,Discount Store,Sandwich Place,Distribution Center,Gas Station,Nightclub,Government Building,Other Great Outdoors,Farm,Distillery,Design Studio,3
43832,Newcomerstown,OH,Fast Food Restaurant,Financial or Legal Service,Other Great Outdoors,Discount Store,Bar,Gas Station,Hotel,Event Space,Diner,Factory,3
43844,Warsaw,OH,Diner,High School,Bed & Breakfast,Discount Store,Ice Cream Shop,Steakhouse,Pet Store,Grocery Store,Automotive Shop,Driving School,0
43845,West Lafayette,OH,Doctor\\'s Office,Gas Station,Pizza Place,Convenience Store,Ice Cream Shop,Bank,Storage Facility,General Travel,Donut Shop,Diner,3
43906,Bellaire,OH,Post Office,Pizza Place,Event Space,Doctor\\'s Office,Bank,Pharmacy,Gas Station,Hospital,Convenience Store,Dessert Shop,3
43912,Bridgeport,OH,Post Office,Government Building,Other Great Outdoors,Border Crossing,Gas Station,Automotive Shop,Fast Food Restaurant,Health & Beauty Service,Hardware Store,Gymnastics Gym,3
43942,Powhatan Point,OH,Office,Tech Startup,Hardware Store,Harbor / Marina,Hotel,Discount Store,Grocery Store,Supermarket,General Travel,Doctor\\'s Office,0
43947,Shadyside,OH,Automotive Shop,Elementary School,Miscellaneous Shop,Hospital,Pizza Place,Hardware Store,Professional & Other Places,Bar,Bank,Drugstore,0
43950,Saint Clairsville,OH,Building,Pizza Place,Courthouse,Salon / Barbershop,Doctor\\'s Office,Government Building,Drugstore,Discount Store,Distillery,Distribution Center,6
44629,Gnadenhutten,OH,Post Office,Government Building,Café,Discount Store,Church,Gas Station,Thrift / Vintage Store,High School,Historic Site,Convenience Store,7
44637,Killbuck,OH,Pizza Place,Convenience Store,Post Office,Bar,Café,Elementary School,Wine Shop,Event Space,Donut Shop,Discount Store,0
44654,Millersburg,OH,Post Office,Government Building,Assisted Living,Hardware Store,Hotel,Jewelry Store,Mexican Restaurant,Antique Shop,Asian Restaurant,Construction & Landscaping,0
44681,Sugarcreek,OH,Antique Shop,Bakery,Gift Shop,Kitchen Supply Store,Library,Miscellaneous Shop,Monument / Landmark,Fabric Shop,Toy / Game Store,History Museum,0
44683,Uhrichsville,OH,History Museum,Convenience Store,Dentist\\'s Office,Discount Store,School,Grocery Store,Pharmacy,Government Building,Wine Bar,Elementary School,0
44813,Bellville,OH,Fast Food Restaurant,Grocery Store,Bed & Breakfast,Coffee Shop,Bank,Park,Donut Shop,Church,Hardware Store,Elementary School,0
44822,Butler,OH,Medical Center,Office,Field,Building,Financial or Legal Service,Government Building,Beer Garden,Residential Building (Apartment / Condo),Resort,Yoga Studio,0
45002,Cleves,OH,Post Office,Elementary School,Library,Gas Station,Deli / Bodega,Bar,Flower Shop,Funeral Home,Sporting Goods Shop,Hardware Store,3
45005,Franklin,OH,Parking,Rock Club,Business Center,Monument / Landmark,Baseball Stadium,Fountain,Music Venue,Distillery,Distribution Center,Dive Bar,0
45011,Hamilton,OH,Student Center,Italian Restaurant,Office,Library,Coffee Shop,Candy Store,Asian Restaurant,Courthouse,Bakery,Gift Shop,6
45013,Hamilton,OH,Student Center,Italian Restaurant,Office,Library,Coffee Shop,Candy Store,Asian Restaurant,Courthouse,Bakery,Gift Shop,6
45014,Fairfield,OH,Financial or Legal Service,Grocery Store,Auto Dealership,Locksmith,Field,Doctor\\'s Office,Medical Center,Electronics Store,Distribution Center,Dive Bar,0
45015,Hamilton,OH,Student Center,Italian Restaurant,Office,Library,Coffee Shop,Candy Store,Asian Restaurant,Courthouse,Bakery,Gift Shop,6
45030,Harrison,OH,Home Service,Coffee Shop,Steakhouse,Medical Center,Market,Dive Bar,Liquor Store,Church,Country Dance Club,Distribution Center,7
45036,Lebanon,OH,Church,Office,Event Space,Stadium,Lawyer,Gun Shop,Brewery,Government Building,Donut Shop,Diner,7
45039,Maineville,OH,City Hall,Child Care Service,Ice Cream Shop,Veterinarian,Automotive Shop,Gas Station,Donut Shop,Diner,Discount Store,Distillery,3
45040,Mason,OH,Plaza,Pharmacy,Bar,Music Store,Insurance Office,Thai Restaurant,Bridal Shop,Sandwich Place,Hobby Shop,Pizza Place,0
45042,Middletown,OH,Automotive Shop,Funeral Home,Office,Discount Store,Distillery,Pub,Ice Cream Shop,Storage Facility,Bakery,Diner,0
45044,Middletown,OH,Automotive Shop,Funeral Home,Office,Discount Store,Distillery,Pub,Ice Cream Shop,Storage Facility,Bakery,Diner,0
45050,Monroe,OH,Building,Post Office,Thai Restaurant,Salon / Barbershop,Gas Station,Dentist\\'s Office,Bank,City Hall,Gym / Fitness Center,Elementary School,0
45052,North Bend,OH,Post Office,Elementary School,Bar,Lake,City Hall,Memorial Site,Church,High School,Emergency Room,Event Service,7
45053,Okeana,OH,Baseball Stadium,Hardware Store,Dive Bar,Elementary School,Drugstore,Diner,Discount Store,Distillery,Distribution Center,Doctor\\'s Office,0
45054,Oregonia,OH,Post Office,Restaurant,General College & University,Tech Startup,Office,Emergency Room,Elementary School,Design Studio,Dessert Shop,Diner,0
45056,Oxford,OH,Salon / Barbershop,Sports Bar,Shipping Store,Pharmacy,Breakfast Spot,Wine Bar,Hardware Store,Doctor\\'s Office,Dessert Shop,Diner,0
45064,Somerville,OH,City Hall,Gas Station,Professional & Other Places,Lake,Storage Facility,Fire Station,Donut Shop,Diner,Discount Store,Distillery,3
45065,South Lebanon,OH,Department Store,Post Office,General Travel,Pizza Place,Coffee Shop,Church,Storage Facility,Bank,Miscellaneous Shop,Gun Shop,7
45066,Springboro,OH,Historic Site,Ice Cream Shop,Furniture / Home Store,Bike Shop,Coffee Shop,Financial or Legal Service,Government Building,Miscellaneous Shop,Café,Pizza Place,0
45067,Trenton,OH,Miscellaneous Shop,Bank,Pizza Place,City Hall,Chinese Restaurant,Dive Bar,Smoke Shop,Library,Bar,Police Station,0
45068,Waynesville,OH,Antique Shop,Design Studio,Gift Shop,Grocery Store,Diner,Discount Store,Distillery,Distribution Center,Dive Bar,Doctor\\'s Office,0
45069,West Chester,OH,Post Office,Deli / Bodega,Vineyard,Photography Lab,Mental Health Office,Toy / Game Store,Doctor\\'s Office,Massage Studio,Yoga Studio,Driving School,0
45102,Amelia,OH,Bank,Automotive Shop,Miscellaneous Shop,Veterinarian,Church,Discount Store,Doctor\\'s Office,Lawyer,Event Service,Emergency Room,7
45103,Batavia,OH,Courthouse,Middle School,Diner,Ice Cream Shop,Office,Spa,Eye Doctor,Event Space,Discount Store,Distillery,6
45106,Bethel,OH,Pizza Place,Sandwich Place,Movie Theater,Gas Station,Coffee Shop,Government Building,Department Store,Yoga Studio,Dive Bar,Dessert Shop,3
45107,Blanchester,OH,Salon / Barbershop,School,Movie Theater,Gas Station,Fast Food Restaurant,Bank,Grocery Store,Funeral Home,Dive Bar,Dessert Shop,3
45113,Clarksville,OH,Discount Store,Convenience Store,General Travel,Yoga Studio,Drugstore,Distillery,Distribution Center,Dive Bar,Doctor\\'s Office,Donut Shop,0
45118,Fayetteville,OH,Gas Station,Church,Pub,College Math Building,Middle School,Fire Station,Elementary School,Donut Shop,Diner,Discount Store,3
45120,Felicity,OH,High School,Miscellaneous Shop,Hot Spring,Middle School,Tattoo Parlor,College Library,Bar,Bakery,Yoga Studio,Drugstore,0
45121,Georgetown,OH,Gas Station,City Hall,Building,Funeral Home,Bar,Courthouse,Theme Park Ride / Attraction,Historic Site,Event Service,Emergency Room,3
45122,Goshen,OH,Fast Food Restaurant,Pharmacy,Other Great Outdoors,Dentist\\'s Office,Daycare,Automotive Shop,Driving School,Lighthouse,Building,Event Service,0
45123,Greenfield,OH,Fast Food Restaurant,Chiropractor,Sports Bar,School,Gas Station,State / Provincial Park,Sandwich Place,Pizza Place,Post Office,Elementary School,3
45130,Hamersville,OH,Office,Automotive Shop,Emergency Room,Elementary School,Assisted Living,Gas Station,Medical Center,Diner,Discount Store,Distillery,3
45133,Hillsboro,OH,Gift Shop,Dentist\\'s Office,Eye Doctor,Coffee Shop,Bank,Insurance Office,Courthouse,BBQ Joint,Donut Shop,Discount Store,6
45135,Leesburg,OH,Automotive Shop,Discount Store,Community College,Pizza Place,Warehouse Store,Hardware Store,Fire Station,Bank,Yoga Studio,Distillery,0
45140,Loveland,OH,Salon / Barbershop,Supermarket,Thrift / Vintage Store,Arts & Crafts Store,Building,Cosmetics Shop,Restaurant,Grocery Store,Bank,Doctor\\'s Office,0
45142,Lynchburg,OH,Funeral Home,Park,Discount Store,Financial or Legal Service,Building,College Math Building,Pharmacy,Bar,Auto Dealership,Distillery,0
45144,Manchester,OH,Gas Station,Breakfast Spot,Library,Big Box Store,Bakery,Trade School,Automotive Shop,Discount Store,Pizza Place,Financial or Legal Service,3
45150,Milford,OH,Park,Bike Shop,French Restaurant,Coffee Shop,Country Dance Club,Candy Store,Toy / Game Store,Bakery,Market,Donut Shop,0
45152,Morrow,OH,Office,High School,Miscellaneous Shop,Gas Station,Dentist\\'s Office,Storage Facility,Fire Station,Donut Shop,Diner,Discount Store,3
45154,Mount Orab,OH,Post Office,Bar,Gas Station,Lawyer,Elementary School,Office,Pizza Place,Tattoo Parlor,High School,Assisted Living,3
45157,New Richmond,OH,Fast Food Restaurant,Grocery Store,Diner,Art Gallery,Discount Store,Veterinarian,Design Studio,Distillery,Distribution Center,Dive Bar,0
45159,New Vienna,OH,Office,Auto Dealership,Building,Golf Course,Diner,Eye Doctor,Donut Shop,Discount Store,Distillery,Distribution Center,0
45162,Pleasant Plain,OH,Post Office,Ice Cream Shop,Music Venue,General Travel,BBQ Joint,Automotive Shop,Fast Food Restaurant,High School,Driving School,Diner,0
45167,Ripley,OH,Doctor\\'s Office,Convenience Store,Bar,Brewery,College Classroom,Diner,Elementary School,Yoga Studio,Drugstore,Distillery,0
45169,Sabina,OH,Sandwich Place,Residential Building (Apartment / Condo),Church,Police Station,Café,Post Office,Professional & Other Places,Moving Target,City Hall,Fire Station,7
45171,Sardinia,OH,Post Office,Gas Station,Pizza Place,Building,Coffee Shop,Bank,Recycling Facility,Doctor\\'s Office,Diner,Discount Store,3
45176,Williamsburg,OH,Post Office,Grocery Store,Elementary School,Brewery,Donut Shop,Cemetery,Funeral Home,Trail,Lawyer,Veterinarian,0
45177,Wilmington,OH,General Entertainment,Building,Tourist Information Center,Deli / Bodega,Martial Arts Dojo,Courthouse,Government Building,Non-Profit,Music Venue,Italian Restaurant,6
45202,Cincinnati,OH,Business Center,Gym / Fitness Center,Office,Doctor\\'s Office,Fire Station,Middle School,Pharmacy,Financial or Legal Service,Police Station,Bus Stop,2
45204,Cincinnati,OH,Business Center,Gym / Fitness Center,Office,Doctor\\'s Office,Fire Station,Middle School,Pharmacy,Financial or Legal Service,Police Station,Bus Stop,2
45205,Cincinnati,OH,Business Center,Gym / Fitness Center,Office,Doctor\\'s Office,Fire Station,Middle School,Pharmacy,Financial or Legal Service,Police Station,Bus Stop,2
45206,Cincinnati,OH,Business Center,Gym / Fitness Center,Office,Doctor\\'s Office,Fire Station,Middle School,Pharmacy,Financial or Legal Service,Police Station,Bus Stop,2
45207,Cincinnati,OH,Business Center,Gym / Fitness Center,Office,Doctor\\'s Office,Fire Station,Middle School,Pharmacy,Financial or Legal Service,Police Station,Bus Stop,2
45208,Cincinnati,OH,Business Center,Gym / Fitness Center,Office,Doctor\\'s Office,Fire Station,Middle School,Pharmacy,Financial or Legal Service,Police Station,Bus Stop,2
45209,Cincinnati,OH,Business Center,Gym / Fitness Center,Office,Doctor\\'s Office,Fire Station,Middle School,Pharmacy,Financial or Legal Service,Police Station,Bus Stop,2
45211,Cincinnati,OH,Business Center,Gym / Fitness Center,Office,Doctor\\'s Office,Fire Station,Middle School,Pharmacy,Financial or Legal Service,Police Station,Bus Stop,2
45212,Cincinnati,OH,Business Center,Gym / Fitness Center,Office,Doctor\\'s Office,Fire Station,Middle School,Pharmacy,Financial or Legal Service,Police Station,Bus Stop,2
45213,Cincinnati,OH,Business Center,Gym / Fitness Center,Office,Doctor\\'s Office,Fire Station,Middle School,Pharmacy,Financial or Legal Service,Police Station,Bus Stop,2
45214,Cincinnati,OH,Business Center,Gym / Fitness Center,Office,Doctor\\'s Office,Fire Station,Middle School,Pharmacy,Financial or Legal Service,Police Station,Bus Stop,2
45215,Cincinnati,OH,Business Center,Gym / Fitness Center,Office,Doctor\\'s Office,Fire Station,Middle School,Pharmacy,Financial or Legal Service,Police Station,Bus Stop,2
45216,Cincinnati,OH,Business Center,Gym / Fitness Center,Office,Doctor\\'s Office,Fire Station,Middle School,Pharmacy,Financial or Legal Service,Police Station,Bus Stop,2
45217,Cincinnati,OH,Business Center,Gym / Fitness Center,Office,Doctor\\'s Office,Fire Station,Middle School,Pharmacy,Financial or Legal Service,Police Station,Bus Stop,2
45218,Cincinnati,OH,Business Center,Gym / Fitness Center,Office,Doctor\\'s Office,Fire Station,Middle School,Pharmacy,Financial or Legal Service,Police Station,Bus Stop,2
45219,Cincinnati,OH,Business Center,Gym / Fitness Center,Office,Doctor\\'s Office,Fire Station,Middle School,Pharmacy,Financial or Legal Service,Police Station,Bus Stop,2
45220,Cincinnati,OH,Business Center,Gym / Fitness Center,Office,Doctor\\'s Office,Fire Station,Middle School,Pharmacy,Financial or Legal Service,Police Station,Bus Stop,2
45223,Cincinnati,OH,Business Center,Gym / Fitness Center,Office,Doctor\\'s Office,Fire Station,Middle School,Pharmacy,Financial or Legal Service,Police Station,Bus Stop,2
45224,Cincinnati,OH,Business Center,Gym / Fitness Center,Office,Doctor\\'s Office,Fire Station,Middle School,Pharmacy,Financial or Legal Service,Police Station,Bus Stop,2
45225,Cincinnati,OH,Business Center,Gym / Fitness Center,Office,Doctor\\'s Office,Fire Station,Middle School,Pharmacy,Financial or Legal Service,Police Station,Bus Stop,2
45226,Cincinnati,OH,Business Center,Gym / Fitness Center,Office,Doctor\\'s Office,Fire Station,Middle School,Pharmacy,Financial or Legal Service,Police Station,Bus Stop,2
45227,Cincinnati,OH,Business Center,Gym / Fitness Center,Office,Doctor\\'s Office,Fire Station,Middle School,Pharmacy,Financial or Legal Service,Police Station,Bus Stop,2
45229,Cincinnati,OH,Business Center,Gym / Fitness Center,Office,Doctor\\'s Office,Fire Station,Middle School,Pharmacy,Financial or Legal Service,Police Station,Bus Stop,2
45230,Cincinnati,OH,Business Center,Gym / Fitness Center,Office,Doctor\\'s Office,Fire Station,Middle School,Pharmacy,Financial or Legal Service,Police Station,Bus Stop,2
45231,Cincinnati,OH,Business Center,Gym / Fitness Center,Office,Doctor\\'s Office,Fire Station,Middle School,Pharmacy,Financial or Legal Service,Police Station,Bus Stop,2
45232,Cincinnati,OH,Business Center,Gym / Fitness Center,Office,Doctor\\'s Office,Fire Station,Middle School,Pharmacy,Financial or Legal Service,Police Station,Bus Stop,2
45233,Cincinnati,OH,Business Center,Gym / Fitness Center,Office,Doctor\\'s Office,Fire Station,Middle School,Pharmacy,Financial or Legal Service,Police Station,Bus Stop,2
45236,Cincinnati,OH,Business Center,Gym / Fitness Center,Office,Doctor\\'s Office,Fire Station,Middle School,Pharmacy,Financial or Legal Service,Police Station,Bus Stop,2
45237,Cincinnati,OH,Business Center,Gym / Fitness Center,Office,Doctor\\'s Office,Fire Station,Middle School,Pharmacy,Financial or Legal Service,Police Station,Bus Stop,2
45238,Cincinnati,OH,Business Center,Gym / Fitness Center,Office,Doctor\\'s Office,Fire Station,Middle School,Pharmacy,Financial or Legal Service,Police Station,Bus Stop,2
45239,Cincinnati,OH,Business Center,Gym / Fitness Center,Office,Doctor\\'s Office,Fire Station,Middle School,Pharmacy,Financial or Legal Service,Police Station,Bus Stop,2
45240,Cincinnati,OH,Business Center,Gym / Fitness Center,Office,Doctor\\'s Office,Fire Station,Middle School,Pharmacy,Financial or Legal Service,Police Station,Bus Stop,2
45241,Cincinnati,OH,Business Center,Gym / Fitness Center,Office,Doctor\\'s Office,Fire Station,Middle School,Pharmacy,Financial or Legal Service,Police Station,Bus Stop,2
45242,Cincinnati,OH,Business Center,Gym / Fitness Center,Office,Doctor\\'s Office,Fire Station,Middle School,Pharmacy,Financial or Legal Service,Police Station,Bus Stop,2
45243,Cincinnati,OH,Business Center,Gym / Fitness Center,Office,Doctor\\'s Office,Fire Station,Middle School,Pharmacy,Financial or Legal Service,Police Station,Bus Stop,2
45244,Cincinnati,OH,Business Center,Gym / Fitness Center,Office,Doctor\\'s Office,Fire Station,Middle School,Pharmacy,Financial or Legal Service,Police Station,Bus Stop,2
45245,Cincinnati,OH,Business Center,Gym / Fitness Center,Office,Doctor\\'s Office,Fire Station,Middle School,Pharmacy,Financial or Legal Service,Police Station,Bus Stop,2
45246,Cincinnati,OH,Business Center,Gym / Fitness Center,Office,Doctor\\'s Office,Fire Station,Middle School,Pharmacy,Financial or Legal Service,Police Station,Bus Stop,2
45247,Cincinnati,OH,Business Center,Gym / Fitness Center,Office,Doctor\\'s Office,Fire Station,Middle School,Pharmacy,Financial or Legal Service,Police Station,Bus Stop,2
45248,Cincinnati,OH,Business Center,Gym / Fitness Center,Office,Doctor\\'s Office,Fire Station,Middle School,Pharmacy,Financial or Legal Service,Police Station,Bus Stop,2
45249,Cincinnati,OH,Business Center,Gym / Fitness Center,Office,Doctor\\'s Office,Fire Station,Middle School,Pharmacy,Financial or Legal Service,Police Station,Bus Stop,2
45251,Cincinnati,OH,Business Center,Gym / Fitness Center,Office,Doctor\\'s Office,Fire Station,Middle School,Pharmacy,Financial or Legal Service,Police Station,Bus Stop,2
45252,Cincinnati,OH,Business Center,Gym / Fitness Center,Office,Doctor\\'s Office,Fire Station,Middle School,Pharmacy,Financial or Legal Service,Police Station,Bus Stop,2
45255,Cincinnati,OH,Business Center,Gym / Fitness Center,Office,Doctor\\'s Office,Fire Station,Middle School,Pharmacy,Financial or Legal Service,Police Station,Bus Stop,2
45304,Arcanum,OH,Post Office,Gym,Tanning Salon,Church,Jewelry Store,Auto Dealership,Athletics & Sports,Gas Station,Pub,Donut Shop,7
45305,Bellbrook,OH,Post Office,Insurance Office,Café,Bike Shop,Business Center,Gas Station,Library,Pub,Cosmetics Shop,Elementary School,3
45308,Bradford,OH,Bed & Breakfast,Grocery Store,Police Station,Museum,Funeral Home,Library,Gas Station,Bar,Café,Pizza Place,3
45309,Brookville,OH,Post Office,Building,Dance Studio,BBQ Joint,Train Station,Candy Store,Social Club,Salon / Barbershop,Gym / Fitness Center,Pizza Place,0
45311,Camden,OH,Gas Station,Pizza Place,Pharmacy,Financial or Legal Service,Bar,Town Hall,Government Building,Bank,Medical Center,Doctor\\'s Office,3
45314,Cedarville,OH,Church,Post Office,Coffee Shop,Trade School,College Arts Building,Sandwich Place,High School,Pizza Place,Emergency Room,Event Space,7
45315,Clayton,OH,Post Office,Transportation Service,Doctor\\'s Office,Campground,Community Center,Big Box Store,Gas Station,Bakery,Fast Food Restaurant,Gym,3
45318,Covington,OH,Post Office,Government Building,Police Station,Funeral Home,Furniture / Home Store,Bed & Breakfast,Sandwich Place,Library,Cosmetics Shop,Design Studio,0
45320,Eaton,OH,Post Office,Café,Bank,Financial or Legal Service,Courthouse,Plaza,Eye Doctor,Fabric Shop,Discount Store,Distillery,6
45322,Englewood,OH,Sandwich Place,Library,Post Office,Photography Lab,Arts & Crafts Store,Pet Store,Coffee Shop,Financial or Legal Service,Toy / Game Store,Jewelry Store,0
45323,Enon,OH,Post Office,Elementary School,Sandwich Place,Gas Station,Drugstore,Veterinarian,Office,Pizza Place,Electronics Store,Discount Store,3
45324,Fairborn,OH,Clothing Store,Costume Shop,Diner,Automotive Shop,Funeral Home,College Lab,Candy Store,Church,Sports Bar,Pizza Place,7
45327,Germantown,OH,Antique Shop,Tattoo Parlor,Hardware Store,Indie Movie Theater,Jewelry Store,Gas Station,Office,Cosmetics Shop,Post Office,Assisted Living,3
45335,Jamestown,OH,Post Office,Middle School,Gas Station,Cemetery,General Travel,Financial or Legal Service,Sandwich Place,Arts & Crafts Store,Event Service,Diner,3
45338,Lewisburg,OH,Office,Hardware Store,Ice Cream Shop,Fraternity House,College Library,Tanning Salon,Bank,Automotive Shop,Donut Shop,Diner,0
45341,Medway,OH,Post Office,Insurance Office,Business Service,Fast Food Restaurant,Steakhouse,Diner,Park,Bus Station,Costume Shop,Distribution Center,0
45342,Miamisburg,OH,Courthouse,Financial or Legal Service,Sandwich Place,Insurance Office,Fire Station,Non-Profit,Pizza Place,Emergency Room,Doctor\\'s Office,Diner,6
45344,New Carlisle,OH,Pharmacy,Grocery Store,Boutique,Art Gallery,Café,Dentist\\'s Office,Coffee Shop,Toy / Game Store,Distribution Center,Dive Bar,0
45345,New Lebanon,OH,Post Office,Pharmacy,Office,Bar,Gas Station,Convenience Store,Driving School,Diner,Discount Store,Distillery,3
45347,New Paris,OH,Gas Station,Hotel,Post Office,Restaurant,Breakfast Spot,Donut Shop,Diner,Discount Store,Distillery,Distribution Center,3
45356,Piqua,OH,Post Office,Church,Laundry Service,Laundromat,Trail,Office,Building,Event Service,Distribution Center,Dessert Shop,7
45365,Sidney,OH,Government Building,Chinese Restaurant,Clothing Store,Diner,Event Space,Courthouse,Office,Donut Shop,Discount Store,Distillery,6
45368,South Charleston,OH,Library,Pharmacy,Gas Station,Coffee Shop,Church,Fire Station,Truck Stop,Office,Fast Food Restaurant,High School,7
45369,South Vienna,OH,Rest Area,Post Office,Ice Cream Shop,Gas Station,Middle School,Farm,Convenience Store,Pizza Place,High School,Assisted Living,3
45370,Spring Valley,OH,Post Office,Building,Bar,Veterinarian,Ice Cream Shop,Gas Station,Event Space,Eye Doctor,Diner,Discount Store,3
45371,Tipp City,OH,Automotive Shop,Garden Center,Lounge,Financial or Legal Service,Event Space,Elementary School,Yoga Studio,Donut Shop,Discount Store,Distillery,0
45373,Troy,OH,Coffee Shop,Antique Shop,Candy Store,Design Studio,Bakery,Pedestrian Plaza,City Hall,Physical Therapist,Emergency Room,Dive Bar,0
45377,Vandalia,OH,Doctor\\'s Office,High School,Pizza Place,Mexican Restaurant,Pharmacy,Funeral Home,Donut Shop,Automotive Shop,Yoga Studio,Driving School,0
45381,West Alexandria,OH,Bank,Post Office,Financial or Legal Service,Diner,Sandwich Place,Nail Salon,Library,Convenience Store,Event Service,Dive Bar,0
45383,West Milton,OH,Hobby Shop,Government Building,Fast Food Restaurant,Nightclub,Chinese Restaurant,Diner,Gift Shop,Other Great Outdoors,Costume Shop,Country Dance Club,0
45385,Xenia,OH,Courthouse,Design Studio,Café,Shoe Store,General Entertainment,Bank,Bakery,Driving School,Distillery,Distribution Center,6
45387,Yellow Springs,OH,Winery,Pizza Place,Café,Lake,Tourist Information Center,Coffee Shop,Breakfast Spot,Sandwich Place,Music Venue,Yoga Studio,0
45402,Dayton,OH,Bus Station,Coworking Space,Miscellaneous Shop,Bike Shop,Fruit & Vegetable Store,Bank,General Entertainment,Office,Mobile Phone Shop,Hotel,5
45403,Dayton,OH,Bus Station,Coworking Space,Miscellaneous Shop,Bike Shop,Fruit & Vegetable Store,Bank,General Entertainment,Office,Mobile Phone Shop,Hotel,5
45404,Dayton,OH,Bus Station,Coworking Space,Miscellaneous Shop,Bike Shop,Fruit & Vegetable Store,Bank,General Entertainment,Office,Mobile Phone Shop,Hotel,5
45405,Dayton,OH,Bus Station,Coworking Space,Miscellaneous Shop,Bike Shop,Fruit & Vegetable Store,Bank,General Entertainment,Office,Mobile Phone Shop,Hotel,5
45406,Dayton,OH,Bus Station,Coworking Space,Miscellaneous Shop,Bike Shop,Fruit & Vegetable Store,Bank,General Entertainment,Office,Mobile Phone Shop,Hotel,5
45409,Dayton,OH,Bus Station,Coworking Space,Miscellaneous Shop,Bike Shop,Fruit & Vegetable Store,Bank,General Entertainment,Office,Mobile Phone Shop,Hotel,5
45410,Dayton,OH,Bus Station,Coworking Space,Miscellaneous Shop,Bike Shop,Fruit & Vegetable Store,Bank,General Entertainment,Office,Mobile Phone Shop,Hotel,5
45414,Dayton,OH,Bus Station,Coworking Space,Miscellaneous Shop,Bike Shop,Fruit & Vegetable Store,Bank,General Entertainment,Office,Mobile Phone Shop,Hotel,5
45415,Dayton,OH,Bus Station,Coworking Space,Miscellaneous Shop,Bike Shop,Fruit & Vegetable Store,Bank,General Entertainment,Office,Mobile Phone Shop,Hotel,5
45416,Dayton,OH,Bus Station,Coworking Space,Miscellaneous Shop,Bike Shop,Fruit & Vegetable Store,Bank,General Entertainment,Office,Mobile Phone Shop,Hotel,5
45417,Dayton,OH,Bus Station,Coworking Space,Miscellaneous Shop,Bike Shop,Fruit & Vegetable Store,Bank,General Entertainment,Office,Mobile Phone Shop,Hotel,5
45419,Dayton,OH,Bus Station,Coworking Space,Miscellaneous Shop,Bike Shop,Fruit & Vegetable Store,Bank,General Entertainment,Office,Mobile Phone Shop,Hotel,5
45420,Dayton,OH,Bus Station,Coworking Space,Miscellaneous Shop,Bike Shop,Fruit & Vegetable Store,Bank,General Entertainment,Office,Mobile Phone Shop,Hotel,5
45424,Dayton,OH,Bus Station,Coworking Space,Miscellaneous Shop,Bike Shop,Fruit & Vegetable Store,Bank,General Entertainment,Office,Mobile Phone Shop,Hotel,5
45426,Dayton,OH,Bus Station,Coworking Space,Miscellaneous Shop,Bike Shop,Fruit & Vegetable Store,Bank,General Entertainment,Office,Mobile Phone Shop,Hotel,5
45429,Dayton,OH,Bus Station,Coworking Space,Miscellaneous Shop,Bike Shop,Fruit & Vegetable Store,Bank,General Entertainment,Office,Mobile Phone Shop,Hotel,5
45430,Dayton,OH,Bus Station,Coworking Space,Miscellaneous Shop,Bike Shop,Fruit & Vegetable Store,Bank,General Entertainment,Office,Mobile Phone Shop,Hotel,5
45431,Dayton,OH,Bus Station,Coworking Space,Miscellaneous Shop,Bike Shop,Fruit & Vegetable Store,Bank,General Entertainment,Office,Mobile Phone Shop,Hotel,5
45432,Dayton,OH,Bus Station,Coworking Space,Miscellaneous Shop,Bike Shop,Fruit & Vegetable Store,Bank,General Entertainment,Office,Mobile Phone Shop,Hotel,5
45434,Dayton,OH,Bus Station,Coworking Space,Miscellaneous Shop,Bike Shop,Fruit & Vegetable Store,Bank,General Entertainment,Office,Mobile Phone Shop,Hotel,5
45439,Dayton,OH,Bus Station,Coworking Space,Miscellaneous Shop,Bike Shop,Fruit & Vegetable Store,Bank,General Entertainment,Office,Mobile Phone Shop,Hotel,5
45440,Dayton,OH,Bus Station,Coworking Space,Miscellaneous Shop,Bike Shop,Fruit & Vegetable Store,Bank,General Entertainment,Office,Mobile Phone Shop,Hotel,5
45449,Dayton,OH,Bus Station,Coworking Space,Miscellaneous Shop,Bike Shop,Fruit & Vegetable Store,Bank,General Entertainment,Office,Mobile Phone Shop,Hotel,5
45458,Dayton,OH,Bus Station,Coworking Space,Miscellaneous Shop,Bike Shop,Fruit & Vegetable Store,Bank,General Entertainment,Office,Mobile Phone Shop,Hotel,5
45459,Dayton,OH,Bus Station,Coworking Space,Miscellaneous Shop,Bike Shop,Fruit & Vegetable Store,Bank,General Entertainment,Office,Mobile Phone Shop,Hotel,5
45502,Springfield,OH,Courthouse,Office,Post Office,Building,Hotel,Discount Store,New American Restaurant,Restaurant,Doctor\\'s Office,Diner,6
45503,Springfield,OH,Courthouse,Office,Post Office,Building,Hotel,Discount Store,New American Restaurant,Restaurant,Doctor\\'s Office,Diner,6
45504,Springfield,OH,Courthouse,Office,Post Office,Building,Hotel,Discount Store,New American Restaurant,Restaurant,Doctor\\'s Office,Diner,6
45505,Springfield,OH,Courthouse,Office,Post Office,Building,Hotel,Discount Store,New American Restaurant,Restaurant,Doctor\\'s Office,Diner,6
45506,Springfield,OH,Courthouse,Office,Post Office,Building,Hotel,Discount Store,New American Restaurant,Restaurant,Doctor\\'s Office,Diner,6
45601,Chillicothe,OH,Sandwich Place,Bar,Courthouse,Office,Building,Café,Tourist Information Center,Donut Shop,Discount Store,Distillery,6
45612,Bainbridge,OH,Post Office,Pharmacy,Doctor\\'s Office,Funeral Home,Library,Bank,Bakery,Salon / Barbershop,Convenience Store,Cosmetics Shop,0
45613,Beaver,OH,Hardware Store,Post Office,Building,Beer Garden,Funeral Home,Campground,Government Building,Dessert Shop,Doctor\\'s Office,Fabric Shop,0
45614,Bidwell,OH,High School,Business Service,Fast Food Restaurant,Building,Truck Stop,Sandwich Place,Transportation Service,Yoga Studio,Donut Shop,Diner,0
45619,Chesapeake,OH,Discount Store,Financial or Legal Service,Ice Cream Shop,General Travel,Elementary School,Medical Center,Grocery Store,Yoga Studio,Donut Shop,Distillery,0
45623,Crown City,OH,Post Office,Discount Store,Park,Farm,High School,Health & Beauty Service,Hardware Store,Design Studio,Dessert Shop,Diner,0
45628,Frankfort,OH,Gas Station,Pizza Place,Park,Restaurant,Ice Cream Shop,Athletics & Sports,Bank,Automotive Shop,Yoga Studio,Discount Store,3
45629,Franklin Furnace,OH,Gas Station,High School,Bridge,Pharmacy,Coffee Shop,Courthouse,General Travel,Supermarket,Yoga Studio,Driving School,3
45631,Gallipolis,OH,Post Office,Courthouse,Financial or Legal Service,Church,Gas Station,Italian Restaurant,Performing Arts Venue,Mongolian Restaurant,Costume Shop,Country Dance Club,7
45638,Ironton,OH,Comfort Food Restaurant,Courthouse,Doctor\\'s Office,School,Bar,Town Hall,Office,Police Station,Pizza Place,Donut Shop,6
45640,Jackson,OH,Tea Room,Post Office,Art Museum,Nail Salon,Pharmacy,Optical Shop,Ice Cream Shop,Courthouse,Bank,Brewery,6
45644,Kingston,OH,Gas Station,Funeral Home,Laundry Service,Diner,Bar,Coffee Shop,Discount Store,Automotive Shop,Sandwich Place,Dive Bar,3
45645,Kitts Hill,OH,Post Office,University,Fast Food Restaurant,Discount Store,Fried Chicken Joint,Sandwich Place,Gas Station,Rest Area,Automotive Shop,Clothing Store,3
45648,Lucasville,OH,Discount Store,Post Office,Gym / Fitness Center,Funeral Home,Gas Station,General Travel,Automotive Shop,Sandwich Place,Pizza Place,Electronics Store,3
45653,Minford,OH,Automotive Shop,Post Office,Church,Funeral Home,Bank,Gas Station,Pizza Place,Event Service,Emergency Room,Fabric Shop,7
45656,Oak Hill,OH,Post Office,Ice Cream Shop,Church,Discount Store,Lake,Flower Shop,Assisted Living,Auto Garage,Pizza Place,Emergency Room,7
45658,Patriot,OH,Gas Station,Business Service,Fast Food Restaurant,Chiropractor,Breakfast Spot,University,Sandwich Place,Driving School,Discount Store,Distillery,3
45660,Peebles,OH,Hardware Store,Business Service,Discount Store,Pizza Place,Outdoor Supply Store,Bank,Grocery Store,Yoga Studio,Driving School,Distillery,0
45661,Piketon,OH,Post Office,Government Building,Fair,Doctor\\'s Office,Library,Monument / Landmark,Laundry Service,Gas Station,Performing Arts Venue,Motel,3
45662,Portsmouth,OH,Government Building,Park,Police Station,Hotel,Bridge,Steakhouse,College Gym,Courthouse,Credit Union,Distillery,6
45663,West Portsmouth,OH,Bank,Home Service,Veterinarian,Shop & Service,Sandwich Place,Movie Theater,Funeral Home,Pharmacy,Pizza Place,Elementary School,0
45669,Proctorville,OH,Building,Financial or Legal Service,Car Wash,Automotive Shop,Park,Coworking Space,River,Bank,Pet Store,Pharmacy,0
45680,South Point,OH,Business Service,Harbor / Marina,College Library,Restaurant,Gun Shop,Grocery Store,Residential Building (Apartment / Condo),Automotive Shop,Donut Shop,Diner,0
45686,Vinton,OH,Gas Station,Fast Food Restaurant,Sandwich Place,Breakfast Spot,Driving School,Diner,Discount Store,Distillery,Distribution Center,Dive Bar,3
45690,Waverly,OH,Church,Boutique,Office,Art Gallery,General Entertainment,Bar,Auto Dealership,Music Store,Jewelry Store,Yoga Studio,7
45692,Wellston,OH,Gas Station,Funeral Home,Medical Center,Chinese Restaurant,Police Station,Mexican Restaurant,Campground,Supermarket,Distillery,Distribution Center,3
45693,West Union,OH,Lawyer,Financial or Legal Service,Campaign Office,Pharmacy,Bank,Bakery,Clothing Store,Driving School,Discount Store,Distillery,0
45694,Wheelersburg,OH,Discount Store,Hardware Store,Home Service,Funeral Home,Post Office,Financial or Legal Service,Church,Convenience Store,Diner,Distillery,7
45697,Winchester,OH,Post Office,Bank,Building,Doctor\\'s Office,Discount Store,Funeral Home,Church,Gas Station,Motel,Courthouse,7
45701,Athens,OH,Bank,Coffee Shop,Salon / Barbershop,City Hall,Non-Profit,Shipping Store,Bookstore,Church,Drugstore,Driving School,7
45710,Albany,OH,Post Office,Automotive Shop,Office,Diner,Discount Store,Bank,Gas Station,High School,Emergency Room,Distribution Center,3
45714,Belpre,OH,Furniture / Home Store,Automotive Shop,Locksmith,High School,Gas Station,Building,Dentist\\'s Office,Doctor\\'s Office,Medical Center,Church,7
45723,Coolville,OH,Gas Station,Post Office,Sandwich Place,Harbor / Marina,Pizza Place,Tech Startup,Rest Area,Coworking Space,Distillery,Design Studio,3
45732,Glouster,OH,Discount Store,Gas Station,Sandwich Place,Fast Food Restaurant,Pizza Place,Bar,Donut Shop,Diner,Distillery,Distribution Center,3
45742,Little Hocking,OH,Farm,River,Café,Event Space,Campground,Soccer Field,Elementary School,Baseball Field,Gas Station,Ice Cream Shop,3
45744,Lowell,OH,Gas Station,Discount Store,Convenience Store,Campground,Assisted Living,Outdoors & Recreation,Park,Yoga Studio,Donut Shop,Distillery,3
45750,Marietta,OH,Bank,Building,Courthouse,Concert Hall,Pizza Place,Shoe Store,University,Drugstore,Distillery,Distribution Center,6
45760,Middleport,OH,Big Box Store,Preschool,Fast Food Restaurant,Moving Target,Bakery,Castle,Discount Store,Park,Automotive Shop,Yoga Studio,0
45764,Nelsonville,OH,Office,Train Station,Art Gallery,Fast Food Restaurant,Bar,Coffee Shop,Outdoor Supply Store,Diner,Discount Store,Distillery,0
45769,Pomeroy,OH,Brewery,Hobby Shop,Arts & Crafts Store,Burger Joint,Building,Bank,Jewelry Store,Emergency Room,Dive Bar,Doctor\\'s Office,0
45771,Racine,OH,Post Office,Athletics & Sports,Financial or Legal Service,Elementary School,Skate Park,Discount Store,Factory,High School,Convenience Store,Drugstore,0
45780,The Plains,OH,Diner,Library,Pizza Place,Building,Bakery,Auto Dealership,Church,Daycare,Medical Center,Driving School,7
45784,Vincent,OH,Pizza Place,Post Office,Tech Startup,Diner,River,Elementary School,Ice Cream Shop,Trade School,Yoga Studio,Dive Bar,0
45786,Waterford,OH,Discount Store,Hardware Store,Bakery,Automotive Shop,Fast Food Restaurant,Elementary School,Factory,Distillery,Distribution Center,Dive Bar,0
